N;?????_id;?????;????_id;?????????????;????;??????;??????2;HP_?????;ATK_?????;DEF_?????;Speed_?????;????;skill_id;????????_RU;????????_EN;??????;type;type_RU;power;cost;gen;cost_sec;gen_sec;????;gen_runic;cd_????;spellId_WoW;????????_??????;???_????_??????;NEW_power;NEW_cost;NEW_gen;NEW_cost_sec;NEW_gen_sec;NEW_cd;NEW_type;NEW_????????;????;???????????
1;warrior;????;arms;??????;???? (DPS);??????;;110;17;5;10;1;ms;??????????? ????;Mortal Strike;??;damage;???? (???? ????);45658;0;10;0;0;;0;1;12294;?????????: +10 ??????.;???: ???? (???? ????) | ???? ? ATK × 1.25 (???????????? ?????/??????????/vers/?????) | ??????: +10 ?????? | ???????????: 1 ???(?/??);;;;;;;;;;??? ???
2;warrior;????;arms;??????;???? (DPS);??????;;110;17;5;10;2;overpower;?????????????;Overpower;??;damage;???? (???? ????);49310;10;0;0;0;;0;0;7384;?????? 10 ?????? — ??????? ????.;???: ???? (???? ????) | ???? ? ATK × 1.35 (???????????? ?????/??????????/vers/?????) | ??????: ?10 ?????? | ???????????: ??? (0);;;;;;;;;;??? ???
3;warrior;????;arms;??????;???? (DPS);??????;;110;17;5;10;3;colossus;???? ???????;Colossus Smash;??;damage;???? (???? ????);20090;20;0;0;0;;0;3;86346;??????? ????????? 20 ??????.;???: ???? (???? ????) | ???? ? ATK × 1.55 (???????????? ?????/??????????/vers/?????) | ??????: ?20 ?????? | ???????????: 3 ???(?/??);;;;;;;;;;??? ???
4;warrior;????;arms;??????;???? (DPS);??????;;110;17;5;10;4;slam;?????? ????;Slam;??;damage;???? (???? ????);46143;20;0;0;0;;0;0;1464;?????? 20 ??????.;???: ???? (???? ????) | ???? ? ATK × 1.5 (???????????? ?????/??????????/vers/?????) | ??????: ?20 ?????? | ???????????: ??? (0);;;;;;;;;;??? ???
5;warrior;????;arms;??????;???? (DPS);??????;;110;17;5;10;5;whirlwind;?????;Whirlwind;???;aoe;???? ?? ??????? (??? ?????);0.95;30;0;0;0;;0;1;1680;?????? 30 ?????? — ?? ???? ??????.;???: ???? ?? ??????? (??? ?????) | ???? ?? ??????? ????? ? ATK × 0.95 | ??????: ?30 ?????? | ???????????: 1 ???(?/??);;;;;;;;;;??? ???
6;warrior;????;arms;??????;???? (DPS);??????;;110;17;5;10;6;rend;?????????????;Rend;??;dot;???? ?? ???????? (DoT);0.65;10;0;0;0;;0;2;772;?????? 10 — ????????????.;???: ???? ?? ???????? (DoT) | DoT: ?????????/??????? ???? ??????? ?? power=0.65 (??? ?? ATK) | ??????: ?10 ?????? | ???????????: 2 ???(?/??);;;;;;;;;;??? ???
7;warrior;????;arms;??????;???? (DPS);??????;;110;17;5;10;7;execute;?????;Execute;??;damage;???? (???? ????);46024;30;0;0;0;;0;0;5308;?????? 30. ?????? ?35% HP ????.;???: ???? (???? ????) | ???? ? ATK × 2.1 (???????????? ?????/??????????/vers/?????) | ??????: ?30 ?????? | ???????????: ??? (0);;;;;;;;;;??? ???
8;warrior;????;arms;??????;???? (DPS);??????;;110;17;5;10;8;reck;?????????????;Recklessness;??;buff;???? (????????);0.35;0;0;0;0;;0;5;1719;+35% ????? ?? 3 ????.;"???: ???? (????????) | ????: ???????? ??????? ????? = power (0.35) — ??. ????????; ???????????? ? ??? ?? ???????? type=buff | ???????????: 5 ???(?/??)";;;;;;;;;;??? ???
9;warrior;????;arms;??????;???? (DPS);??????;;110;17;5;10;9;charge;?????;Charge;??;damage;???? (???? ????);0.55;0;15;0;0;;0;3;100;?????, +15 ??????.;???: ???? (???? ????) | ???? ? ATK × 0.55 (???????????? ?????/??????????/vers/?????) | ??????: +15 ?????? | ???????????: 3 ???(?/??);;;;;;;;;;??? ???
10;warrior;????;arms;??????;???? (DPS);??????;;110;17;5;10;10;heroic;??????????? ????;Heroic Strike;???;damage;???? (???? ????);20090;30;0;0;0;;0;0;78;?????? 30 ?????? — ??????? ????.;???: ???? (???? ????) | ???? ? ATK × 1.55 (???????????? ?????/??????????/vers/?????) | ??????: ?30 ?????? | ???????????: ??? (0);;;;;;;;;;??? ???
11;warrior;????;fury;???????????;???? (DPS);??????;;115;16;4;12;1;bt;???????? ?????;Bloodthirst;??;damage;???? (???? ????);46023;0;10;0;0;;0;1;23881;?????????: +10 ??????, ?????????.;???: ???? (???? ????) | ???? ? ATK × 1.1 (???????????? ?????/??????????/vers/?????) | ??????: +10 ?????? | ???????????: 1 ???(?/??);;;;;;;;;;??? ???
12;warrior;????;fury;???????????;???? (DPS);??????;;115;16;4;12;2;rb;???????? ?????;Raging Blow;??;damage;???? (???? ????);20090;10;0;0;0;;0;0;85288;?????? 10 ?????? — ??????? ????.;???: ???? (???? ????) | ???? ? ATK × 1.55 (???????????? ?????/??????????/vers/?????) | ??????: ?10 ?????? | ???????????: ??? (0);;;;;;;;;;??? ???
13;warrior;????;fury;???????????;???? (DPS);??????;;115;16;4;12;3;ww;?????;Whirlwind;???;aoe;???? ?? ??????? (??? ?????);0.95;30;0;0;0;;0;0;1680;?????? 30 — ?? ???????.;???: ???? ?? ??????? (??? ?????) | ???? ?? ??????? ????? ? ATK × 0.95 | ??????: ?30 ?????? | ???????????: ??? (0);;;;;;;;;;??? ???
14;warrior;????;fury;???????????;???? (DPS);??????;;115;16;4;12;4;wild_strike;?????? ????;Wild Strike;?;damage;???? (???? ????);23743;30;0;0;0;;0;0;100130;??????? ????????? 30 ??????.;???: ???? (???? ????) | ???? ? ATK × 1.65 (???????????? ?????/??????????/vers/?????) | ??????: ?30 ?????? | ???????????: ??? (0);;;;;;;;;;??? ???
15;warrior;????;fury;???????????;???? (DPS);??????;;115;16;4;12;5;colossus;???? ???????;Colossus Smash;??;damage;???? (???? ????);46143;20;0;0;0;;0;3;86346;?????? 20 ?????? (?????. ??? ???????????).;???: ???? (???? ????) | ???? ? ATK × 1.5 (???????????? ?????/??????????/vers/?????) | ??????: ?20 ?????? | ???????????: 3 ???(?/??);;;;;;;;;;??? ???
16;warrior;????;fury;???????????;???? (DPS);??????;;115;16;4;12;6;execute;?????;Execute;??;damage;???? (???? ????);46144;30;0;0;0;;0;0;5308;?????? 30. ?????? ?35% HP.;???: ???? (???? ????) | ???? ? ATK × 2.05 (???????????? ?????/??????????/vers/?????) | ??????: ?30 ?????? | ???????????: ??? (0);;;;;;;;;;??? ???
17;warrior;????;fury;???????????;???? (DPS);??????;;115;16;4;12;7;berserker;?????? ????????;Berserker Rage;??;buff;???? (????????);0.15;0;10;0;0;;0;3;18499;+????? ? +10 ??????.;"???: ???? (????????) | ????: ???????? ??????? ????? = power (0.15) — ??. ????????; ???????????? ? ??? ?? ???????? type=buff | ??????: +10 ?????? | ???????????: 3 ???(?/??)";;;;;;;;;;??? ???
18;warrior;????;fury;???????????;???? (DPS);??????;;115;16;4;12;8;reck;?????????????;Recklessness;??;buff;???? (????????);0.35;0;0;0;0;;0;5;1719;+35% ????? ?? 3 ????.;"???: ???? (????????) | ????: ???????? ??????? ????? = power (0.35) — ??. ????????; ???????????? ? ??? ?? ???????? type=buff | ???????????: 5 ???(?/??)";;;;;;;;;;??? ???
19;warrior;????;fury;???????????;???? (DPS);??????;;115;16;4;12;9;dragon_roar;??? ???????;Dragon Roar;??;aoe;???? ?? ??????? (??? ?????);0.85;0;0;0;0;;0;3;118000;??????: ???? ?? ??????? (??? ??????).;???: ???? ?? ??????? (??? ?????) | ???? ?? ??????? ????? ? ATK × 0.85 | ???????????: 3 ???(?/??);;;;;;;;;;??? ???
20;warrior;????;protection;??????;????;??????;;170;12;12;8;1;shield_slam;???? ?????;Shield Slam;???;damage;???? (???? ????);42005;0;15;0;0;;0;1;23922;?????????: +15 ??????.;???: ???? (???? ????) | ???? ? ATK × 1.15 (???????????? ?????/??????????/vers/?????) | ??????: +15 ?????? | ???????????: 1 ???(?/??);;;;;;;;;;?????? ????????, ????????? ???? ?? 18?, ?????? ?? , ???????? ?????? ?? +30
21;warrior;????;protection;??????;????;??????;;170;12;12;8;2;revenge;??????;Revenge;??;damage;???? (???? ????);46143;0;10;0;0;;0;1;6572;?????????: +10 ??????.;???: ???? (???? ????) | ???? ? ATK × 1.05 (???????????? ?????/??????????/vers/?????) | ??????: +10 ?????? | ???????????: 1 ???(?/??);;;;;;;;;;?????? ????????, ?????? ???????? ?????? ????????? 15, ?? 2, ??????? ??? ???? ?????? , ? 12? ???? ??????? ?? 17, ???????? ???????? ????? ??? ????????? ??????????? ????? ? ??????? ???????????  ??????????? ????????????? ??? ?? ? ????? ?? ?????? ???????? ????? ??????? ?? ?????????? ???? (???? ?????? ???? ? ????? ???????????? ? % 20 ? ????????? ???? ?? 20% ? ????????????? ????????????? ??????????? ???? ???????????? ?????? ???????????, ??????????? ??????????? ?? ?????? 5%)
22;warrior;????;protection;??????;????;??????;;170;12;12;8;3;devastate;??????????;Devastate;??;damage;???? (???? ????);0.9;0;5;0;0;;0;0;20243;???????????: +5 ??????.;???: ???? (???? ????) | ???? ? ATK × 0.9 (???????????? ?????/??????????/vers/?????) | ??????: +5 ?????? | ???????????: ??? (0);;;;;;;;;;??????? ?????
23;warrior;????;protection;??????;????;??????;;170;12;12;8;4;thunder;???? ?????;Thunder Clap;??;aoe;???? ?? ??????? (??? ?????);0.9;20;0;0;0;;0;1;6343;?????? 20 — ???? ?? ???????.;???: ???? ?? ??????? (??? ?????) | ???? ?? ??????? ????? ? ATK × 0.9 | ??????: ?20 ?????? | ???????????: 1 ???(?/??);;;;;;;;;;?????? ????????, ??????? ??????????, ????????? ?? 2, ?? ?????? ???, ???? 10 ??????, ??????? ??? 20?
24;warrior;????;protection;??????;????;??????;;170;12;12;8;5;shield_block;???? ?????;Shield Block;??;shield;??? / ??????????;0.45;50;0;0;0;;0;2;2565;?????? 50 — ??????? ???.;???: ??? / ?????????? | ???: ???? ?????????? ??????? ? power=0.45 ? HP/ATK ????? | ??????: ?50 ?????? | ???????????: 2 ???(?/??);;;;;;;;;;?????? ????????, 2 ??????, ?? ?????? ???, ???????? ??????????? ???????????? ?? 50% ? ???? ???????????? ?? 20%, ????? 10 ??????, ?? 5, ????????? ? ??????? 2 ?????
25;warrior;????;protection;??????;????;??????;;170;12;12;8;6;shield_wall;?????? ???????;Shield Wall;??;shield;??? / ??????????;0.5;0;0;0;0;;0;5;871;??????? ??? (???????????).;???: ??? / ?????????? | ???: ???? ?????????? ??????? ? power=0.5 ? HP/ATK ????? | ???????????: 5 ???(?/??);;;;;;;;;;?????? ????????, ?? 8, ?? ?????? ???, ????????? ???? ?????????? ???? (??? ??????????? ?? ????) ?? 60% ?? 2 ????
26;warrior;????;protection;??????;????;??????;;170;12;12;8;7;last_stand;?? ???? ?????;Last Stand;??;buff;???? (????????);0.3;0;0;0;0;;0;5;12975;+????. ???????? ?? 3 ????.;"???: ???? (????????) | ????: ???????? ??????? ????? = power (0.3) — ??. ????????; ???????????? ? ??? ?? ???????? type=buff | ???????????: 5 ???(?/??)";;;;;;;;;;"?????? ????????, ?? ?????? ???, ?? 10, ?????????? ???????????? ????? ???????? ?? 50%,  ?????? ????? ""???? ?????"" , ? ??? 3 ???? ????????? "
27;warrior;????;protection;??????;????;??????;;170;12;12;8;8;taunt;??????????;Taunt;??;taunt;??????????;0;0;0;0;0;;0;2;355;????.;???: ?????????? | ???? (power)=0 — ????????????? ?? type ? ?????? ??? | ???????????: 2 ???(?/??);;;;;;;;;;?????? ????????, ?? ?????? ???
28;warrior;????;protection;??????;????;??????;;170;12;12;8;9;heroic_leap;??????????? ??????;Heroic Leap;??;aoe;???? ?? ??????? (??? ?????);0.75;15;0;0;0;;0;3;6544;?????? 15 — ?????? + ????.;???: ???? ?? ??????? (??? ?????) | ???? ?? ??????? ????? ? ATK × 0.75 | ??????: ?15 ?????? | ???????????: 3 ???(?/??);;;;;;;;;;?????? ????????, ?? ?????? ???, ?? 5, ??????? 2? ????? ??? ? ????????? ???? ?????????? ???? ?? 5% ?? 2 ????
29;warrior;????;protection;??????;????;??????;;170;12;12;8;10;demo_shout;?????????????? ????;Demoralizing Shout;??;debuff;??????;0.2;0;0;0;0;;0;3;1160;?????? ??????.;???: ?????? | ???? (power)=0.2 — ????????????? ?? type ? ?????? ??? | ???????????: 3 ???(?/??);;;;;;;;;;?????? ????????, ?????? ?? ???? ?????? ????? ??????? ????????? ?? ????????? ???? ?? 15%, ????? 40 ??????
30;paladin;???????;holy;????;????????;????;??????? ?????;95;8;5;10;1;holy_shock;??? ?????;Holy Shock;?;heal;????????? (????/???????);0.4;8;0;0;1;;0;1;20473;??????? + 1 ??????? ?????.;???: ????????? (????/???????) | ????????? ???????? ?? power=0.4 (?? ATK/???-????????????????) | ??????: ?8 ????, +1 ??????? ????? | ???????????: 1 ???(?/??);;;;;;;;;;?????? ????????, ??????? ?????? ???? ?? 3, ????? ?????????? ???? ????? ?? 20%, ????????? ????????? ?? 27? ? ???????? ????? ?????????? ?? ???? ????? ?? ?????????????? 7? ?? ?????? ??? ? ??????? 5 ?????, ?? 2, ????? ????????? ?? ????? ? ????? ??????? 12? ????? ? 2? ????? ?????? ??? ? ??????? 5 ?????. ???? 1 ??????? ?????
31;paladin;???????;holy;????;????????;????;??????? ?????;95;8;5;10;2;word_glory;????? ?????;Word of Glory;??;heal;????????? (????/???????);0.58;0;0;3;0;;0;0;85673;?????? 3 ??????? ????? — ??????? ???????.;???: ????????? (????/???????) | ????????? ???????? ?? power=0.58 (?? ATK/???-????????????????) | ??????: ?3 ??????? ????? | ???????????: ??? (0);;;;;;;;;;?????? ????????, ????????? ????????? ?? 80?
32;paladin;???????;holy;????;????????;????;??????? ?????;95;8;5;10;3;holy_light;???? ?????;Holy Light;??;heal;????????? (????/???????);0.52;16;0;0;0;;0;0;635;??????? ??????? ?? ????.;???: ????????? (????/???????) | ????????? ???????? ?? power=0.52 (?? ATK/???-????????????????) | ??????: ?16 ???? | ???????????: ??? (0);;;;;;;;;;?????? ????????, ????????? ????????? ?? 45?
33;paladin;???????;holy;????;????????;????;??????? ?????;95;8;5;10;4;flash;??????? ?????;Flash of Light;?;heal;????????? (????/???????);0.42;12;0;0;0;;0;0;19750;??????? ???????.;???: ????????? (????/???????) | ????????? ???????? ?? power=0.42 (?? ATK/???-????????????????) | ??????: ?12 ???? | ???????????: ??? (0);;;;;;;;;;?????? ???????? ????????? ????????? ?? 37?
34;paladin;???????;holy;????;????????;????;??????? ?????;95;8;5;10;5;holy_radiance;?????? ?????;Holy Radiance;??;heal_aoe;heal_aoe;0.22;16;0;0;0;;0;1;82327;??????? ?? ???????.;???: heal_aoe | ???? (power)=0.22 — ????????????? ?? type ? ?????? ??? | ??????: ?16 ???? | ???????????: 1 ???(?/??);;;;;;;;;;?????? ????????, ?????? ??. ???????? ????????? ?? 21?
35;paladin;???????;holy;????;????????;????;??????? ?????;95;8;5;10;6;light_dawn;???? ????;Light of Dawn;??;heal_aoe;heal_aoe;0.32;0;0;3;0;;0;2;85222;?????? 3 ??????? ????? — ??? ?? ???????.;???: heal_aoe | ???? (power)=0.32 — ????????????? ?? type ? ?????? ??? | ??????: ?3 ??????? ????? | ???????????: 2 ???(?/??);;;;;;;;;;?????? ????????, ????????? ?????? ??????? ????? ?? 2, ????????? ????????? ?? 34?
36;paladin;???????;holy;????;????????;????;??????? ?????;95;8;5;10;7;crusader;???? ????? ?????;Crusader Strike;??;damage;???? (???? ????);0.9;5;0;0;1;;0;0;35395;+1 ??????? ?????.;???: ???? (???? ????) | ???? ? ATK × 0.9 (???????????? ?????/??????????/vers/?????) | ??????: ?5 ????, +1 ??????? ????? | ???????????: ??? (0);;;;;;;;;;?????? ????????, ????????? ?????? ???? ?? 2, ???????? ???? ?? 10?
37;paladin;???????;holy;????;????????;????;??????? ?????;95;8;5;10;8;divine_prot;???????????? ??????;Divine Protection;???;shield;??? / ??????????;0.3;0;0;0;0;;0;4;498;???.;???: ??? / ?????????? | ???: ???? ?????????? ??????? ? power=0.3 ? HP/ATK ????? | ???????????: 4 ???(?/??);;;;;;;;;;?????? ????????, ?? ?????? ???, ??? ???????? ?? 40?, ?? 6
38;paladin;???????;holy;????;????????;????;??????? ?????;95;8;5;10;9;avenging;???? ????????;Avenging Wrath;??;buff;???? (????????);0.25;0;0;0;0;;0;5;31884;+????? (? ???? ????? ????).;"???: ???? (????????) | ????: ???????? ??????? ????? = power (0.25) — ??. ????????; ???????????? ? ??? ?? ???????? type=buff | ???????????: 5 ???(?/??)";;;;;;;;;;?????? ????????, ?? ?????? ???, ?????? ????????? ????? ???????? ???? ????? ?? 30% ?? 4 ????, ?? 7
39;paladin;???????;protection;??????;????;????;??????? ?????;168;12;12;8;1;crusader;???? ????? ?????;Crusader Strike;??;damage;???? (???? ????);1;5;0;0;1;;0;0;35395;+1 ??????? ?????.;???: ???? (???? ????) | ???? ? ATK × 1 (???????????? ?????/??????????/vers/?????) | ??????: ?5 ????, +1 ??????? ????? | ???????????: ??? (0);;;;;;;;;;?????? ????????. ??????? ?????? ???? ?? 2, ???????? ????? ?? 4% ?? 3 ???? , ???????? 2 ?????, ????? ???????? ??????????? ??? ????????? ????????? ??? ???????????? ?????????? ?????
40;paladin;???????;protection;??????;????;????;??????? ?????;168;12;12;8;2;judgment;??????????;Judgment;??;damage;???? (???? ????);46143;6;0;0;1;;0;1;20271;+1 ??????? ?????.;???: ???? (???? ????) | ???? ? ATK × 1.05 (???????????? ?????/??????????/vers/?????) | ??????: ?6 ????, +1 ??????? ????? | ???????????: 1 ???(?/??);;;;;;;;;;?????? ????????, ??????? ?????? ???? ?? 4, ???????? ???? ?? 15?, ?????? ??. ??????????? ?? ???? ????? ??????? ???????? ?????????? ???? ?? ??????? ????? ?? 5% ?? 4 ????
41;paladin;???????;protection;??????;????;????;??????? ?????;168;12;12;8;3;avengers;??? ????????;Avenger's Shield;???;damage;???? (???? ????);46054;8;0;0;0;;0;2;31935;??????? ???? ?????.;???: ???? (???? ????) | ???? ? ATK × 1.2 (???????????? ?????/??????????/vers/?????) | ??????: ?8 ???? | ???????????: 2 ???(?/??);;;;;;;;;;?????? ????????, ????????? ?????? ???? ?? 5, ?? 1, ??????? ??? ???? 13? ? ????????? ?? ?????? ???? ???????? ????????????? ????? ?? 5% ? ?????? ????? ?????, ???????? ??? ? 25% ?? ?????????? ?????
42;paladin;???????;protection;??????;????;????;??????? ?????;168;12;12;8;4;hot_r;????? ??????????;Hammer of the Righteous;??;aoe;???? ?? ??????? (??? ?????);0.7;5;0;0;1;;0;0;53595;?? ??????? + 1 ??????? ?????.;???: ???? ?? ??????? (??? ?????) | ???? ?? ??????? ????? ? ATK × 0.7 | ??????: ?5 ????, +1 ??????? ????? | ???????????: ??? (0);;;;;;;;;;???????? ?????? ???? ?? ?????? ??????? ????? 3 ??, ?????? ????????, ??????? ?? ???? 43?
43;paladin;???????;protection;??????;????;????;??????? ?????;168;12;12;8;5;sot_r;??? ??????????;Shield of the Righteous;??;shield;??? / ??????????;0.42;0;0;3;0;;0;0;53600;?????? 3 ??????? ????? — ???.;???: ??? / ?????????? | ???: ???? ?????????? ??????? ? power=0.42 ? HP/ATK ????? | ??????: ?3 ??????? ????? | ???????????: ??? (0);;;;;;;;;;?????? ????????, ?????? ???, ????? ?????????? ????????? ????? ?? 70% ?? 2 ????
44;paladin;???????;protection;??????;????;????;??????? ?????;168;12;12;8;6;consecrate;?????????;Consecration;??;aoe;???? ?? ??????? (??? ?????);0.7;10;0;0;0;;0;2;26573;????????? ????.;???: ???? ?? ??????? (??? ?????) | ???? ?? ??????? ????? ? ATK × 0.7 | ??????: ?10 ???? | ???????????: 2 ???(?/??);;;;;;;;;;??????? ?????? ???? ?? 5, ?? 5, ??????????? ?? ???? ?????? ???? ????????? ?? 3? ????? ?????? ??? ? ??????? 4 ?????
45;paladin;???????;protection;??????;????;????;??????? ?????;168;12;12;8;7;hot_w;????? ?????;Hammer of Wrath;?;damage;???? (???? ????);46113;6;0;0;1;;0;0;24275;+1 ??????? ?????. ????????? ?35%.;???: ???? (???? ????) | ???? ? ATK × 1.4 (???????????? ?????/??????????/vers/?????) | ??????: ?6 ????, +1 ??????? ????? | ???????????: ??? (0);;;;;;;;;;?????? ????????
46;paladin;???????;protection;??????;????;????;??????? ?????;168;12;12;8;8;ardent;?????????? ????????;Ardent Defender;??;buff;???? (????????);0.2;0;0;0;0;;0;5;31850;+????? (?????. ????????????).;"???: ???? (????????) | ????: ???????? ??????? ????? = power (0.2) — ??. ????????; ???????????? ? ??? ?? ???????? type=buff | ???????????: 5 ???(?/??)";;;;;;;;;;?????? ????????, ?? ???? ???, ????????? ???? ?????????? ???? ?? 60% ?? 3 ????, ?? 6
47;paladin;???????;protection;??????;????;????;??????? ?????;168;12;12;8;9;taunt;????? ????????;Hand of Reckoning;??;taunt;??????????;0;0;0;0;0;;0;2;62124;??????????.;???: ?????????? | ???? (power)=0 — ????????????? ?? type ? ?????? ??? | ???????????: 2 ???(?/??);;;;;;;;;;?????? ????????, ?? ?????? ???
48;paladin;???????;retribution;?????????;???? (DPS);????;??????? ?????;105;17;5;11;1;crusader;???? ????? ?????;Crusader Strike;??;damage;???? (???? ????);46023;5;0;0;1;;0;0;35395;+1 ??????? ?????.;???: ???? (???? ????) | ???? ? ATK × 1.1 (???????????? ?????/??????????/vers/?????) | ??????: ?5 ????, +1 ??????? ????? | ???????????: ??? (0);;;;;;;;;;?????? ????????, 
49;paladin;???????;retribution;?????????;???? (DPS);????;??????? ?????;105;17;5;11;2;judgment;??????????;Judgment;??;damage;???? (???? ????);46023;6;0;0;1;;0;1;20271;+1 ??????? ?????.;???: ???? (???? ????) | ???? ? ATK × 1.1 (???????????? ?????/??????????/vers/?????) | ??????: ?6 ????, +1 ??????? ????? | ???????????: 1 ???(?/??);;;;;;;;;;?????? ????????,  ????????? ???? ?? 23?
50;paladin;???????;retribution;?????????;???? (DPS);????;??????? ?????;105;17;5;11;3;exorcism;?????????;Exorcism;??;damage;???? (???? ????);46054;8;0;0;1;;0;1;879;??????? ???? + 1 ??????? ?????.;???: ???? (???? ????) | ???? ? ATK × 1.2 (???????????? ?????/??????????/vers/?????) | ??????: ?8 ????, +1 ??????? ????? | ???????????: 1 ???(?/??);;;;;;;;;;??????? ?????
51;paladin;???????;retribution;?????????;???? (DPS);????;??????? ?????;105;17;5;11;4;templar;??????? ??????????;Templar's Verdict;??;damage;???? (???? ????);27395;0;0;3;0;;0;0;85256;??????? ?????? 3 ??????? ?????.;???: ???? (???? ????) | ???? ? ATK × 1.75 (???????????? ?????/??????????/vers/?????) | ??????: ?3 ??????? ????? | ???????????: ??? (0);;;;;;;;;;?????? ????????, ????????? ???? ?? 38?
52;paladin;???????;retribution;?????????;???? (DPS);????;??????? ?????;105;17;5;11;5;divine_storm;???????????? ????;Divine Storm;???;aoe;???? ?? ??????? (??? ?????);1;0;0;3;0;;0;0;53385;?????? 3 — ?? ???????.;???: ???? ?? ??????? (??? ?????) | ???? ?? ??????? ????? ? ATK × 1 | ??????: ?3 ??????? ????? | ???????????: ??? (0);;;;;;;;;;?????? ???????? ???????? ???? ?? 19?
53;paladin;???????;retribution;?????????;???? (DPS);????;??????? ?????;105;17;5;11;6;hot_w;????? ?????;Hammer of Wrath;?;damage;???? (???? ????);52963;6;0;0;1;;0;0;24275;+1 ??????? ?????. ?35% HP.;???: ???? (???? ????) | ???? ? ATK × 1.45 (???????????? ?????/??????????/vers/?????) | ??????: ?6 ????, +1 ??????? ????? | ???????????: ??? (0);;;;;;;;;;?????? ????????
54;paladin;???????;retribution;?????????;???? (DPS);????;??????? ?????;105;17;5;11;7;inquisition;??????????;Inquisition;??;buff;???? (????????);0.28;0;0;3;0;;0;1;84963;?????? 3 — +????? ?? 3 ????.;"???: ???? (????????) | ????: ???????? ??????? ????? = power (0.28) — ??. ????????; ???????????? ? ??? ?? ???????? type=buff | ??????: ?3 ??????? ????? | ???????????: 1 ???(?/??)";;;;;;;;;;?????? ????????, ?? ??????? ????????, ?? ?????? ???, ?? 4 , ?????????? ????? ?? 15% ?? 2 ????
55;paladin;???????;retribution;?????????;???? (DPS);????;??????? ?????;105;17;5;11;8;avenging;???? ????????;Avenging Wrath;??;buff;???? (????????);0.3;0;0;0;0;;0;5;31884;+????? ?? 3 ????.;"???: ???? (????????) | ????: ???????? ??????? ????? = power (0.3) — ??. ????????; ???????????? ? ??? ?? ???????? type=buff | ???????????: 5 ???(?/??)";;;;;;;;;;?????? ????????, ?? ?????? ???, ???????? ???? ?? 30% ?? 3 ????, ?? 5
56;paladin;???????;retribution;?????????;???? (DPS);????;??????? ?????;105;17;5;11;9;holy_avenger;?????? ????????;Holy Avenger;??;buff;???? (????????);0.22;0;0;0;0;;0;5;105809;+????? (?????? ?????????).;"???: ???? (????????) | ????: ???????? ??????? ????? = power (0.22) — ??. ????????; ???????????? ? ??? ?? ???????? type=buff | ???????????: 5 ???(?/??)";;;;;;;;;;??????? ?????
57;hunter;???????;beast_mastery;?????????? ??????;???? (DPS);????????????;;100;16;3;12;1;kill_cmd;??????? «?????!»;Kill Command;??;damage;???? (???? ????);20090;35;0;0;0;;0;1;34026;??????? ?????? — ??????? ????.;???: ???? (???? ????) | ???? ? ATK × 1.55 (???????????? ?????/??????????/vers/?????) | ??????: ?35 ???????????? | ???????????: 1 ???(?/??);;;;;;;;;;???? ??? ???
58;hunter;???????;beast_mastery;?????????? ??????;???? (DPS);????????????;;100;16;3;12;2;cobra;??????? ?????;Cobra Shot;??;damage;???? (???? ????);0.8;0;18;0;0;;0;0;77767;?????????: +18 ????????????.;???: ???? (???? ????) | ???? ? ATK × 0.8 (???????????? ?????/??????????/vers/?????) | ??????: +18 ???????????? | ???????????: ??? (0);;;;;;;;;;???? ??? ???
59;hunter;???????;beast_mastery;?????????? ??????;???? (DPS);????????????;;100;16;3;12;3;arcane_shot;??????????? ???????;Arcane Shot;??;damage;???? (???? ????);45658;25;0;0;0;;0;0;3044;?????? 25 ????????????.;???: ???? (???? ????) | ???? ? ATK × 1.25 (???????????? ?????/??????????/vers/?????) | ??????: ?25 ???????????? | ???????????: ??? (0);;;;;;;;;;???? ??? ???
60;hunter;???????;beast_mastery;?????????? ??????;???? (DPS);????????????;;100;16;3;12;4;kill_shot;???????????? ???????;Kill Shot;??;damage;???? (???? ????);46266;15;0;0;0;;0;2;53351;????????? ?35%.;???: ???? (???? ????) | ???? ? ATK × 1.9 (???????????? ?????/??????????/vers/?????) | ??????: ?15 ???????????? | ???????????: 2 ???(?/??);;;;;;;;;;???? ??? ???
61;hunter;???????;beast_mastery;?????????? ??????;???? (DPS);????????????;;100;16;3;12;5;multi;????;Multi-Shot;??;aoe;???? ?? ??????? (??? ?????);0.8;35;0;0;0;;0;0;2643;?????? 35 — ?? ???????.;???: ???? ?? ??????? (??? ?????) | ???? ?? ??????? ????? ? ATK × 0.8 | ??????: ?35 ???????????? | ???????????: ??? (0);;;;;;;;;;???? ??? ???
62;hunter;???????;beast_mastery;?????????? ??????;???? (DPS);????????????;;100;16;3;12;6;bestial;???????? ????;Bestial Wrath;??;buff;???? (????????);0.3;0;0;0;0;;0;4;19574;#????;"???: ???? (????????) | ????: ???????? ??????? ????? = power (0.3) — ??. ????????; ???????????? ? ??? ?? ???????? type=buff | ???????????: 4 ???(?/??)";;;;;;;;;;???? ??? ???
63;hunter;???????;beast_mastery;?????????? ??????;???? (DPS);????????????;;100;16;3;12;7;rapid;??????? ????????;Rapid Fire;??;buff;???? (????????);0.25;0;0;0;0;;0;5;3045;+????? (???????????).;"???: ???? (????????) | ????: ???????? ??????? ????? = power (0.25) — ??. ????????; ???????????? ? ??? ?? ???????? type=buff | ???????????: 5 ???(?/??)";;;;;;;;;;???? ??? ???
64;hunter;???????;beast_mastery;?????????? ??????;???? (DPS);????????????;;100;16;3;12;8;serpent;???? ????;Serpent Sting;??;dot;???? ?? ???????? (DoT);0.6;20;0;0;0;;0;2;1978;?????? 20 — ????????????? ????.;???: ???? ?? ???????? (DoT) | DoT: ?????????/??????? ???? ??????? ?? power=0.6 (??? ?? ATK) | ??????: ?20 ???????????? | ???????????: 2 ???(?/??);;;;;;;;;;???? ??? ???
65;hunter;???????;beast_mastery;?????????? ??????;???? (DPS);????????????;;100;16;3;12;9;dire;?????;Dire Beast;??;damage;???? (???? ????);46143;0;12;0;0;;0;2;120679;??????: ???? + ?????, +12 ????????????.;???: ???? (???? ????) | ???? ? ATK × 1.05 (???????????? ?????/??????????/vers/?????) | ??????: +12 ???????????? | ???????????: 2 ???(?/??);;;;;;;;;;???? ??? ???
66;hunter;???????;marksmanship;????????;???? (DPS);????????????;;98;17;3;12;1;chimera;??????? ??????;Chimera Shot;??;damage;???? (???? ????);20090;40;0;0;0;;0;2;53209;??????? ?????? ????????????.;???: ???? (???? ????) | ???? ? ATK × 1.55 (???????????? ?????/??????????/vers/?????) | ??????: ?40 ???????????? | ???????????: 2 ???(?/??);;;;;;;;;;???? ??? ???
67;hunter;???????;marksmanship;????????;???? (DPS);????????????;;98;17;3;12;2;steady;?????? ???????;Steady Shot;??;damage;???? (???? ????);0.75;0;18;0;0;;0;0;56641;?????????: +18 ????????????.;???: ???? (???? ????) | ???? ? ATK × 0.75 (???????????? ?????/??????????/vers/?????) | ??????: +18 ???????????? | ???????????: ??? (0);;;;;;;;;;???? ??? ???
68;hunter;???????;marksmanship;????????;???? (DPS);????????????;;98;17;3;12;3;aimed;?????????? ???????;Aimed Shot;??;damage;???? (???? ????);46204;45;0;0;0;;0;0;19434;??????? ??????? ????.;???: ???? (???? ????) | ???? ? ATK × 1.7 (???????????? ?????/??????????/vers/?????) | ??????: ?45 ???????????? | ???????????: ??? (0);;;;;;;;;;???? ??? ???
69;hunter;???????;marksmanship;????????;???? (DPS);????????????;;98;17;3;12;4;arcane;??????????? ???????;Arcane Shot;??;damage;???? (???? ????);45658;25;0;0;0;;0;0;3044;?????? 25 — ???????????.;???: ???? (???? ????) | ???? ? ATK × 1.25 (???????????? ?????/??????????/vers/?????) | ??????: ?25 ???????????? | ???????????: ??? (0);;;;;;;;;;???? ??? ???
70;hunter;???????;marksmanship;????????;???? (DPS);????????????;;98;17;3;12;5;kill_shot;???????????? ???????;Kill Shot;??;damage;???? (???? ????);46266;15;0;0;0;;0;2;53351;????????? ?35%.;???: ???? (???? ????) | ???? ? ATK × 1.9 (???????????? ?????/??????????/vers/?????) | ??????: ?15 ???????????? | ???????????: 2 ???(?/??);;;;;;;;;;???? ??? ???
71;hunter;???????;marksmanship;????????;???? (DPS);????????????;;98;17;3;12;6;multi;????;Multi-Shot;??;aoe;???? ?? ??????? (??? ?????);0.8;35;0;0;0;;0;0;2643;?? ???????.;???: ???? ?? ??????? (??? ?????) | ???? ?? ??????? ????? ? ATK × 0.8 | ??????: ?35 ???????????? | ???????????: ??? (0);;;;;;;;;;???? ??? ???
72;hunter;???????;marksmanship;????????;???? (DPS);????????????;;98;17;3;12;7;rapid;??????? ????????;Rapid Fire;??;buff;???? (????????);0.3;0;0;0;0;;0;5;3045;#????;"???: ???? (????????) | ????: ???????? ??????? ????? = power (0.3) — ??. ????????; ???????????? ? ??? ?? ???????? type=buff | ???????????: 5 ???(?/??)";;;;;;;;;;???? ??? ???
73;hunter;???????;marksmanship;????????;???? (DPS);????????????;;98;17;3;12;8;serpent;???? ????;Serpent Sting;??;dot;???? ?? ???????? (DoT);0.6;20;0;0;0;;0;2;1978;????????????? ????.;???: ???? ?? ???????? (DoT) | DoT: ?????????/??????? ???? ??????? ?? power=0.6 (??? ?? ATK) | ??????: ?20 ???????????? | ???????????: 2 ???(?/??);;;;;;;;;;???? ??? ???
74;hunter;???????;survival;?????????;???? (DPS);????????????;;102;16;4;12;1;explosive;????????? ???????;Explosive Shot;??;damage;???? (???? ????);46143;25;0;0;0;;0;1;53301;??????? ?????? ????????????.;???: ???? (???? ????) | ???? ? ATK × 1.5 (???????????? ?????/??????????/vers/?????) | ??????: ?25 ???????????? | ???????????: 1 ???(?/??);;;;;;;;;;???? ??? ???
75;hunter;???????;survival;?????????;???? (DPS);????????????;;102;16;4;12;2;cobra;??????? ?????;Cobra Shot;??;damage;???? (???? ????);0.8;0;18;0;0;;0;0;77767;?????????: +18 ????????????.;???: ???? (???? ????) | ???? ? ATK × 0.8 (???????????? ?????/??????????/vers/?????) | ??????: +18 ???????????? | ???????????: ??? (0);;;;;;;;;;???? ??? ???
76;hunter;???????;survival;?????????;???? (DPS);????????????;;102;16;4;12;3;arcane;??????????? ???????;Arcane Shot;??;damage;???? (???? ????);45658;25;0;0;0;;0;0;3044;?????? 25.;???: ???? (???? ????) | ???? ? ATK × 1.25 (???????????? ?????/??????????/vers/?????) | ??????: ?25 ???????????? | ???????????: ??? (0);;;;;;;;;;???? ??? ???
77;hunter;???????;survival;?????????;???? (DPS);????????????;;102;16;4;12;4;black_arrow;?????? ??????;Black Arrow;??;dot;???? ?? ???????? (DoT);0.8;30;0;0;0;;0;3;3674;??????? DoT.;???: ???? ?? ???????? (DoT) | DoT: ?????????/??????? ???? ??????? ?? power=0.8 (??? ?? ATK) | ??????: ?30 ???????????? | ???????????: 3 ???(?/??);;;;;;;;;;???? ??? ???
78;hunter;???????;survival;?????????;???? (DPS);????????????;;102;16;4;12;5;multi;????;Multi-Shot;??;aoe;???? ?? ??????? (??? ?????);0.85;35;0;0;0;;0;0;2643;?? ???????.;???: ???? ?? ??????? (??? ?????) | ???? ?? ??????? ????? ? ATK × 0.85 | ??????: ?35 ???????????? | ???????????: ??? (0);;;;;;;;;;???? ??? ???
79;hunter;???????;survival;?????????;???? (DPS);????????????;;102;16;4;12;6;serpent;???? ????;Serpent Sting;??;dot;???? ?? ???????? (DoT);0.6;20;0;0;0;;0;2;1978;????????????? ????.;???: ???? ?? ???????? (DoT) | DoT: ?????????/??????? ???? ??????? ?? power=0.6 (??? ?? ATK) | ??????: ?20 ???????????? | ???????????: 2 ???(?/??);;;;;;;;;;???? ??? ???
80;hunter;???????;survival;?????????;???? (DPS);????????????;;102;16;4;12;7;kill_shot;???????????? ???????;Kill Shot;??;damage;???? (???? ????);46266;15;0;0;0;;0;2;53351;????????? ?35%.;???: ???? (???? ????) | ???? ? ATK × 1.9 (???????????? ?????/??????????/vers/?????) | ??????: ?15 ???????????? | ???????????: 2 ???(?/??);;;;;;;;;;???? ??? ???
81;hunter;???????;survival;?????????;???? (DPS);????????????;;102;16;4;12;8;rapid;??????? ????????;Rapid Fire;??;buff;???? (????????);0.25;0;0;0;0;;0;5;3045;#????;"???: ???? (????????) | ????: ???????? ??????? ????? = power (0.25) — ??. ????????; ???????????? ? ??? ?? ???????? type=buff | ???????????: 5 ???(?/??)";;;;;;;;;;???? ??? ???
82;hunter;???????;survival;?????????;???? (DPS);????????????;;102;16;4;12;9;explosive_trap;???????? ???????;Explosive Trap;??;aoe;???? ?? ??????? (??? ?????);0.9;20;0;0;0;;0;3;13813;???????: ???? ?? ???????.;???: ???? ?? ??????? (??? ?????) | ???? ?? ??????? ????? ? ATK × 0.9 | ??????: ?20 ???????????? | ???????????: 3 ???(?/??);;;;;;;;;;???? ??? ???
83;rogue;?????????;assassination;??????????;???? (DPS);???????;????? ???????;95;18;3;14;1;mutilate;?????????;Mutilate;??;damage;???? (???? ????);49310;55;0;0;2;;0;0;1329;???? 2 ?????? ?????.;???: ???? (???? ????) | ???? ? ATK × 1.35 (???????????? ?????/??????????/vers/?????) | ??????: ?55 ???????, +2 ????? ??????? | ???????????: ??? (0);;;;;;;;;;???? ??? ???
84;rogue;?????????;assassination;??????????;???? (DPS);???????;????? ???????;95;18;3;14;2;dispatch;??????????;Dispatch;???;damage;???? (???? ????);46113;30;0;0;1;;0;0;111240;????? ????? ?? ??????????? ????.;???: ???? (???? ????) | ???? ? ATK × 1.4 (???????????? ?????/??????????/vers/?????) | ??????: ?30 ???????, +1 ????? ??????? | ???????????: ??? (0);;;;;;;;;;???? ??? ???
85;rogue;?????????;assassination;??????????;???? (DPS);???????;????? ???????;95;18;3;14;3;envenom;??????????;Envenom;??;damage;???? (???? ????);46143;35;0;1;0;;0;0;32645;??????????? ????? (1–5 ?????).;???: ???? (???? ????) | ???? ? ATK × 1.5 (???????????? ?????/??????????/vers/?????) | ??????: ?35 ???????, ?1 ????? ??????? | ???????????: ??? (0);;;;;;;;;;???? ??? ???
86;rogue;?????????;assassination;??????????;???? (DPS);???????;????? ???????;95;18;3;14;4;rupture;?????? ????;Rupture;??;dot;???? ?? ???????? (DoT);0.7;25;0;1;0;;0;0;1943;??????????? ????????????.;???: ???? ?? ???????? (DoT) | DoT: ?????????/??????? ???? ??????? ?? power=0.7 (??? ?? ATK) | ??????: ?25 ???????, ?1 ????? ??????? | ???????????: ??? (0);;;;;;;;;;???? ??? ???
87;rogue;?????????;assassination;??????????;???? (DPS);???????;????? ???????;95;18;3;14;5;vendetta;????????;Vendetta;??;debuff;??????;0.3;0;0;0;0;;0;5;79140;??????? / +???? ?? ????.;???: ?????? | ???? (power)=0.3 — ????????????? ?? type ? ?????? ??? | ???????????: 5 ???(?/??);;;;;;;;;;???? ??? ???
88;rogue;?????????;assassination;??????????;???? (DPS);???????;????? ???????;95;18;3;14;6;fan;???? ???????;Fan of Knives;??;aoe;???? ?? ??????? (??? ?????);0.65;35;0;0;1;;0;0;51723;?? ??????? + ????? ?????.;???: ???? ?? ??????? (??? ?????) | ???? ?? ??????? ????? ? ATK × 0.65 | ??????: ?35 ???????, +1 ????? ??????? | ???????????: ??? (0);;;;;;;;;;???? ??? ???
89;rogue;?????????;assassination;??????????;???? (DPS);???????;????? ???????;95;18;3;14;7;garrote;???????;Garrote;??;dot;???? ?? ???????? (DoT);0.6;45;0;0;1;;0;2;703;???????????? ? ???????.;???: ???? ?? ???????? (DoT) | DoT: ?????????/??????? ???? ??????? ?? power=0.6 (??? ?? ATK) | ??????: ?45 ???????, +1 ????? ??????? | ???????????: 2 ???(?/??);;;;;;;;;;???? ??? ???
90;rogue;?????????;assassination;??????????;???? (DPS);???????;????? ???????;95;18;3;14;8;slice;????????? (?????);Slice and Dice;??;buff;???? (????????);0.22;25;0;1;0;;0;0;5171;???????????: +????? ?? 3 ???? (??????? ? ??????? ??????).;"???: ???? (????????) | ????: ???????? ??????? ????? = power (0.22) — ??. ????????; ???????????? ? ??? ?? ???????? type=buff | ??????: ?25 ???????, ?1 ????? ??????? | ???????????: ??? (0)";;;;;;;;;;???? ??? ???
91;rogue;?????????;assassination;??????????;???? (DPS);???????;????? ???????;95;18;3;14;9;kick;?????;Kick;??;interrupt;??????????;0;15;0;0;0;;0;2;1766;??????????.;"???: ?????????? | ??????? ????; power=0 (???? ???? ???? — ?? ??????) | ??????: ?15 ??????? | ???????????: 2 ???(?/??)";;;;;;;;;;???? ??? ???
92;rogue;?????????;combat;???;???? (DPS);???????;????? ???????;100;17;3;15;1;ss;???????? ????;Sinister Strike;???;damage;???? (???? ????);42005;40;0;0;1;;0;0;1752;????? ????? (?40 ???????).;???: ???? (???? ????) | ???? ? ATK × 1.15 (???????????? ?????/??????????/vers/?????) | ??????: ?40 ???????, +1 ????? ??????? | ???????????: ??? (0);;;;;;;;;;???? ??? ???
93;rogue;?????????;combat;???;???? (DPS);???????;????? ???????;100;17;3;15;2;revealing;??????????? ????;Revealing Strike;???;damage;???? (???? ????);46054;35;0;0;1;;0;1;84617;????? ?????.;???: ???? (???? ????) | ???? ? ATK × 1.2 (???????????? ?????/??????????/vers/?????) | ??????: ?35 ???????, +1 ????? ??????? | ???????????: 1 ???(?/??);;;;;;;;;;???? ??? ???
94;rogue;?????????;combat;???;???? (DPS);???????;????? ???????;100;17;3;15;3;eviscerate;??????????;Eviscerate;??;damage;???? (???? ????);20090;35;0;1;0;;0;0;2098;??????????? ????? (??? ?????).;???: ???? (???? ????) | ???? ? ATK × 1.55 (???????????? ?????/??????????/vers/?????) | ??????: ?35 ???????, ?1 ????? ??????? | ???????????: ??? (0);;;;;;;;;;???? ??? ???
95;rogue;?????????;combat;???;???? (DPS);???????;????? ???????;100;17;3;15;4;killing_spree;?????? ???????;Killing Spree;??;aoe;???? ?? ??????? (??? ?????);42005;0;0;0;0;;0;5;51690;???????????: ???? ?? ???????.;???: ???? ?? ??????? (??? ?????) | ???? ?? ??????? ????? ? ATK × 1.15 | ???????????: 5 ???(?/??);;;;;;;;;;???? ??? ???
96;rogue;?????????;combat;???;???? (DPS);???????;????? ???????;100;17;3;15;5;adrenaline;?????? ??????????;Adrenaline Rush;??;buff;???? (????????);0.3;0;0;0;0;;0;5;13750;+????? ?? 3 ???? (?????.).;"???: ???? (????????) | ????: ???????? ??????? ????? = power (0.3) — ??. ????????; ???????????? ? ??? ?? ???????? type=buff | ???????????: 5 ???(?/??)";;;;;;;;;;???? ??? ???
97;rogue;?????????;combat;???;???? (DPS);???????;????? ???????;100;17;3;15;6;blade_flurry;????? ???????;Blade Flurry;???;buff;???? (????????);0.2;25;0;0;0;;0;2;13877;+????? (?????. ????).;"???: ???? (????????) | ????: ???????? ??????? ????? = power (0.2) — ??. ????????; ???????????? ? ??? ?? ???????? type=buff | ??????: ?25 ??????? | ???????????: 2 ???(?/??)";;;;;;;;;;???? ??? ???
98;rogue;?????????;combat;???;???? (DPS);???????;????? ???????;100;17;3;15;7;fan;???? ???????;Fan of Knives;??;aoe;???? ?? ??????? (??? ?????);0.7;35;0;0;1;;0;0;51723;?? ??????? + 1 ? ?????.;???: ???? ?? ??????? (??? ?????) | ???? ?? ??????? ????? ? ATK × 0.7 | ??????: ?35 ???????, +1 ????? ??????? | ???????????: ??? (0);;;;;;;;;;???? ??? ???
99;rogue;?????????;combat;???;???? (DPS);???????;????? ???????;100;17;3;15;8;slice;????????? (?????);Slice and Dice;??;buff;???? (????????);0.22;25;0;1;0;;0;0;5171;???????????: +?????.;"???: ???? (????????) | ????: ???????? ??????? ????? = power (0.22) — ??. ????????; ???????????? ? ??? ?? ???????? type=buff | ??????: ?25 ???????, ?1 ????? ??????? | ???????????: ??? (0)";;;;;;;;;;???? ??? ???
100;rogue;?????????;combat;???;???? (DPS);???????;????? ???????;100;17;3;15;9;rupture;?????? ????;Rupture;??;dot;???? ?? ???????? (DoT);0.7;25;0;1;0;;0;0;1943;??????????? ????????????.;???: ???? ?? ???????? (DoT) | DoT: ?????????/??????? ???? ??????? ?? power=0.7 (??? ?? ATK) | ??????: ?25 ???????, ?1 ????? ??????? | ???????????: ??? (0);;;;;;;;;;???? ??? ???
101;rogue;?????????;subtlety;??????????;???? (DPS);???????;????? ???????;92;18;2;15;1;hemorrhage;?????????????;Hemorrhage;??;damage;???? (???? ????);42005;30;0;0;1;;0;0;16511;??????? ????? ?????.;???: ???? (???? ????) | ???? ? ATK × 1.15 (???????????? ?????/??????????/vers/?????) | ??????: ?30 ???????, +1 ????? ??????? | ???????????: ??? (0);;;;;;;;;;???? ??? ???
102;rogue;?????????;subtlety;??????????;???? (DPS);???????;????? ???????;92;18;2;15;2;backstab;???? ? ?????;Backstab;??;damage;???? (???? ????);52963;55;0;0;1;;0;0;53;??????? ????? ?????.;???: ???? (???? ????) | ???? ? ATK × 1.45 (???????????? ?????/??????????/vers/?????) | ??????: ?55 ???????, +1 ????? ??????? | ???????????: ??? (0);;;;;;;;;;???? ??? ???
103;rogue;?????????;subtlety;??????????;???? (DPS);???????;????? ???????;92;18;2;15;3;eviscerate;??????????;Eviscerate;??;damage;???? (???? ????);20090;35;0;1;0;;0;0;2098;??????????? ?????.;???: ???? (???? ????) | ???? ? ATK × 1.55 (???????????? ?????/??????????/vers/?????) | ??????: ?35 ???????, ?1 ????? ??????? | ???????????: ??? (0);;;;;;;;;;???? ??? ???
104;rogue;?????????;subtlety;??????????;???? (DPS);???????;????? ???????;92;18;2;15;4;ambush;????????? ????;Ambush;??;damage;???? (???? ????);23743;55;0;0;2;;0;0;8676;+2 ? ????? (??????? ????).;???: ???? (???? ????) | ???? ? ATK × 1.65 (???????????? ?????/??????????/vers/?????) | ??????: ?55 ???????, +2 ????? ??????? | ???????????: ??? (0);;;;;;;;;;???? ??? ???
105;rogue;?????????;subtlety;??????????;???? (DPS);???????;????? ???????;92;18;2;15;5;shadow_dance;????? ?????;Shadow Dance;??;buff;???? (????????);0.28;0;0;0;0;;0;4;51713;+????? (?????. ?????).;"???: ???? (????????) | ????: ???????? ??????? ????? = power (0.28) — ??. ????????; ???????????? ? ??? ?? ???????? type=buff | ???????????: 4 ???(?/??)";;;;;;;;;;???? ??? ???
106;rogue;?????????;subtlety;??????????;???? (DPS);???????;????? ???????;92;18;2;15;6;prem;??????;Premeditation;??;buff;???? (????????);0;0;0;0;2;;0;3;14183;+2 ? ????? (??? ?????).;"???: ???? (????????) | ????: ???????? ??????? ????? = power (0) — ??. ????????; ???????????? ? ??? ?? ???????? type=buff | ??????: +2 ????? ??????? | ???????????: 3 ???(?/??)";;;;;;;;;;???? ??? ???
107;rogue;?????????;subtlety;??????????;???? (DPS);???????;????? ???????;92;18;2;15;7;rupture;?????? ????;Rupture;??;dot;???? ?? ???????? (DoT);0.75;25;0;1;0;;0;0;1943;??????????? ????????????.;???: ???? ?? ???????? (DoT) | DoT: ?????????/??????? ???? ??????? ?? power=0.75 (??? ?? ATK) | ??????: ?25 ???????, ?1 ????? ??????? | ???????????: ??? (0);;;;;;;;;;???? ??? ???
108;rogue;?????????;subtlety;??????????;???? (DPS);???????;????? ???????;92;18;2;15;8;fan;???? ???????;Fan of Knives;??;aoe;???? ?? ??????? (??? ?????);0.65;35;0;0;1;;0;0;51723;?? ??????? + 1 ? ?????.;???: ???? ?? ??????? (??? ?????) | ???? ?? ??????? ????? ? ATK × 0.65 | ??????: ?35 ???????, +1 ????? ??????? | ???????????: ??? (0);;;;;;;;;;???? ??? ???
109;rogue;?????????;subtlety;??????????;???? (DPS);???????;????? ???????;92;18;2;15;9;slice;????????? (?????);Slice and Dice;??;buff;???? (????????);0.22;25;0;1;0;;0;0;5171;???????????: +?????.;"???: ???? (????????) | ????: ???????? ??????? ????? = power (0.22) — ??. ????????; ???????????? ? ??? ?? ???????? type=buff | ??????: ?25 ???????, ?1 ????? ??????? | ???????????: ??? (0)";;;;;;;;;;???? ??? ???
110;priest;????;discipline;??????????;????????;????;;92;9;4;10;1;penance;????????;Penance;??;heal;????????? (????/???????);0.48;12;0;0;0;;0;1;47540;??????? ??????? (???????? ??????).;???: ????????? (????/???????) | ????????? ???????? ?? power=0.48 (?? ATK/???-????????????????) | ??????: ?12 ???? | ???????????: 1 ???(?/??);;;;;;;;;;???? ??? ???
111;priest;????;discipline;??????????;????????;????;;92;9;4;10;2;flash;??????? ?????????;Flash Heal;??;heal;????????? (????/???????);0.42;14;0;0;0;;0;0;2061;??????? ??????? ???????.;???: ????????? (????/???????) | ????????? ???????? ?? power=0.42 (?? ATK/???-????????????????) | ??????: ?14 ???? | ???????????: ??? (0);;;;;;;;;;???? ??? ???
112;priest;????;discipline;??????????;????????;????;;92;9;4;10;3;greater;??????? ?????????;Greater Heal;??;heal;????????? (????/???????);0.55;16;0;0;0;;0;0;2060;??????? ???????.;???: ????????? (????/???????) | ????????? ???????? ?? power=0.55 (?? ATK/???-????????????????) | ??????: ?16 ???? | ???????????: ??? (0);;;;;;;;;;???? ??? ???
113;priest;????;discipline;??????????;????????;????;;92;9;4;10;4;shield;????? ????: ???;Power Word: Shield;???;shield;??? / ??????????;0.42;12;0;0;0;;0;1;17;?????????? ?????.;???: ??? / ?????????? | ???: ???? ?????????? ??????? ? power=0.42 ? HP/ATK ????? | ??????: ?12 ???? | ???????????: 1 ???(?/??);;;;;;;;;;???? ??? ???
114;priest;????;discipline;??????????;????????;????;;92;9;4;10;5;prayer;??????? ?????????;Prayer of Healing;??;heal_aoe;heal_aoe;0.26;18;0;0;0;;0;1;596;??????? ??????.;???: heal_aoe | ???? (power)=0.26 — ????????????? ?? type ? ?????? ??? | ??????: ?18 ???? | ???????????: 1 ???(?/??);;;;;;;;;;???? ??? ???
115;priest;????;discipline;??????????;????????;????;;92;9;4;10;6;smite;????;Smite;?;damage;???? (???? ????);0.95;6;0;0;0;;0;0;585;???? (????-???????).;???: ???? (???? ????) | ???? ? ATK × 0.95 (???????????? ?????/??????????/vers/?????) | ??????: ?6 ???? | ???????????: ??? (0);;;;;;;;;;???? ??? ???
116;priest;????;discipline;??????????;????????;????;;92;9;4;10;7;holy_fire;????????? ?????;Holy Fire;??;damage;???? (???? ????);42005;8;0;0;0;;0;1;14914;????.;???: ???? (???? ????) | ???? ? ATK × 1.15 (???????????? ?????/??????????/vers/?????) | ??????: ?8 ???? | ???????????: 1 ???(?/??);;;;;;;;;;???? ??? ???
117;priest;????;discipline;??????????;????????;????;;92;9;4;10;8;pain_supp;?????????? ????;Pain Suppression;??;shield;??? / ??????????;0.48;0;0;0;0;;0;5;33206;??????? ??? (???????????).;???: ??? / ?????????? | ???: ???? ?????????? ??????? ? power=0.48 ? HP/ATK ????? | ???????????: 5 ???(?/??);;;;;;;;;;???? ??? ???
118;priest;????;discipline;??????????;????????;????;;92;9;4;10;9;archangel;????????;Archangel;??;buff;???? (????????);0.22;0;0;0;0;;0;4;81700;+????? (?????. ??? ?????????).;"???: ???? (????????) | ????: ???????? ??????? ????? = power (0.22) — ??. ????????; ???????????? ? ??? ?? ???????? type=buff | ???????????: 4 ???(?/??)";;;;;;;;;;???? ??? ???
119;priest;????;holy;????;????????;????;;92;8;4;10;1;heal;?????????;Heal;??;heal;????????? (????/???????);0.45;10;0;0;0;;0;0;2050;??????????? ???????.;???: ????????? (????/???????) | ????????? ???????? ?? power=0.45 (?? ATK/???-????????????????) | ??????: ?10 ???? | ???????????: ??? (0);;;;;;;;;;???? ??? ???
120;priest;????;holy;????;????????;????;;92;8;4;10;2;flash;??????? ?????????;Flash Heal;??;heal;????????? (????/???????);0.44;14;0;0;0;;0;0;2061;??????, ???? ???????.;???: ????????? (????/???????) | ????????? ???????? ?? power=0.44 (?? ATK/???-????????????????) | ??????: ?14 ???? | ???????????: ??? (0);;;;;;;;;;???? ??? ???
121;priest;????;holy;????;????????;????;;92;8;4;10;3;gh;??????? ?????????;Greater Heal;??;heal;????????? (????/???????);0.55;16;0;0;0;;0;0;2060;??????? ???????.;???: ????????? (????/???????) | ????????? ???????? ?? power=0.55 (?? ATK/???-????????????????) | ??????: ?16 ???? | ???????????: ??? (0);;;;;;;;;;???? ??? ???
122;priest;????;holy;????;????????;????;;92;8;4;10;4;renew;??????????;Renew;??;heal;????????? (????/???????);0.32;9;0;0;0;;0;0;139;HoT: ????? + ????.;???: ????????? (????/???????) | ????????? ???????? ?? power=0.32 (?? ATK/???-????????????????) | ??????: ?9 ???? | ???????????: ??? (0);;;;;;;;;;???? ??? ???
123;priest;????;holy;????;????????;????;;92;8;4;10;5;poh;??????? ?????????;Prayer of Healing;??;heal_aoe;heal_aoe;0.26;18;0;0;0;;0;0;596;?? ???????.;???: heal_aoe | ???? (power)=0.26 — ????????????? ?? type ? ?????? ??? | ??????: ?18 ???? | ???????????: ??? (0);;;;;;;;;;???? ??? ???
124;priest;????;holy;????;????????;????;;92;8;4;10;6;circle;???? ?????????;Circle of Healing;?;heal_aoe;heal_aoe;0.28;12;0;0;0;;0;2;34861;??????????? ??? ?? ???????.;???: heal_aoe | ???? (power)=0.28 — ????????????? ?? type ? ?????? ??? | ??????: ?12 ???? | ???????????: 2 ???(?/??);;;;;;;;;;???? ??? ???
125;priest;????;holy;????;????????;????;;92;8;4;10;7;holy_word;????? ?????: ?????????????;Holy Word: Serenity;???;heal;????????? (????/???????);0.58;10;0;0;0;;0;2;88684;??????? ??????? (??).;???: ????????? (????/???????) | ????????? ???????? ?? power=0.58 (?? ATK/???-????????????????) | ??????: ?10 ???? | ???????????: 2 ???(?/??);;;;;;;;;;???? ??? ???
126;priest;????;holy;????;????????;????;;92;8;4;10;8;smite;????;Smite;?;damage;???? (???? ????);0.9;6;0;0;0;;0;0;585;????.;???: ???? (???? ????) | ???? ? ATK × 0.9 (???????????? ?????/??????????/vers/?????) | ??????: ?6 ???? | ???????????: ??? (0);;;;;;;;;;???? ??? ???
127;priest;????;holy;????;????????;????;;92;8;4;10;9;guardian;???-?????????;Guardian Spirit;??;buff;???? (????????);0.28;0;0;0;0;;0;5;47788;+????? ????/???? (?????.).;"???: ???? (????????) | ????: ???????? ??????? ????? = power (0.28) — ??. ????????; ???????????? ? ??? ?? ???????? type=buff | ???????????: 5 ???(?/??)";;;;;;;;;;???? ??? ???
128;priest;????;shadow;????;???? (DPS);????;;88;17;2;11;1;mind_blast;????? ??????;Mind Blast;??;damage;???? (???? ????);52963;8;0;0;0;;0;1;8092;???????? ????.;???: ???? (???? ????) | ???? ? ATK × 1.45 (???????????? ?????/??????????/vers/?????) | ??????: ?8 ???? | ???????????: 1 ???(?/??);;;;;;;;;;???? ??? ???
129;priest;????;shadow;????;???? (DPS);????;;88;17;2;11;2;swp;????? ????: ????;Shadow Word: Pain;??;dot;???? ?? ???????? (DoT);0.6;6;0;0;0;;0;1;589;??????? DoT.;???: ???? ?? ???????? (DoT) | DoT: ?????????/??????? ???? ??????? ?? power=0.6 (??? ?? ATK) | ??????: ?6 ???? | ???????????: 1 ???(?/??);;;;;;;;;;???? ??? ???
130;priest;????;shadow;????;???? (DPS);????;;88;17;2;11;3;vt;????????????? ???????;Vampiric Touch;??;dot;???? ?? ???????? (DoT);0.7;8;0;0;0;;0;1;34914;??????? DoT (??? ???????? ????).;???: ???? ?? ???????? (DoT) | DoT: ?????????/??????? ???? ??????? ?? power=0.7 (??? ?? ATK) | ??????: ?8 ???? | ???????????: 1 ???(?/??);;;;;;;;;;???? ??? ???
131;priest;????;shadow;????;???? (DPS);????;;88;17;2;11;4;mind_flay;????? ??????;Mind Flay;??;damage;???? (???? ????);46143;5;0;0;0;;0;0;15407;??????? ???????????.;???: ???? (???? ????) | ???? ? ATK × 1.05 (???????????? ?????/??????????/vers/?????) | ??????: ?5 ???? | ???????????: ??? (0);;;;;;;;;;???? ??? ???
132;priest;????;shadow;????;???? (DPS);????;;88;17;2;11;5;devouring;????????????? ????;Devouring Plague;??;dot;???? ?? ???????? (DoT);0.85;10;0;0;0;;0;2;2944;??????? DoT.;???: ???? ?? ???????? (DoT) | DoT: ?????????/??????? ???? ??????? ?? power=0.85 (??? ?? ATK) | ??????: ?10 ???? | ???????????: 2 ???(?/??);;;;;;;;;;???? ??? ???
133;priest;????;shadow;????;???? (DPS);????;;88;17;2;11;6;swd;????? ????: ??????;Shadow Word: Death;??;damage;???? (???? ????);23743;8;0;0;0;;0;2;32379;????????? ?35% HP.;???: ???? (???? ????) | ???? ? ATK × 1.65 (???????????? ?????/??????????/vers/?????) | ??????: ?8 ???? | ???????????: 2 ???(?/??);;;;;;;;;;???? ??? ???
134;priest;????;shadow;????;???? (DPS);????;;88;17;2;11;7;mind_spike;??? ??????;Mind Spike;??;damage;???? (???? ????);45658;8;0;0;0;;0;0;73510;?????????? ????.;???: ???? (???? ????) | ???? ? ATK × 1.25 (???????????? ?????/??????????/vers/?????) | ??????: ?8 ???? | ???????????: ??? (0);;;;;;;;;;???? ??? ???
135;priest;????;shadow;????;???? (DPS);????;;88;17;2;11;8;shadowfiend;??????? ????;Shadowfiend;??;damage;???? (???? ????);46054;0;0;0;0;;0;4;34433;???? + ??????? ?? 4 ??????.;???: ???? (???? ????) | ???? ? ATK × 1.2 (???????????? ?????/??????????/vers/?????) | ???????????: 4 ???(?/??);;;;;;;;;;???? ??? ???
136;priest;????;shadow;????;???? (DPS);????;;88;17;2;11;9;dispersion;??????? ? ?????;Dispersion;???;shield;??? / ??????????;0.42;0;0;0;0;;0;5;47585;??? (???????????).;???: ??? / ?????????? | ???: ???? ?????????? ??????? ? power=0.42 ? HP/ATK ????? | ???????????: 5 ???(?/??);;;;;;;;;;???? ??? ???
137;deathknight;?????? ??????;blood;?????;????;????;???? ???;175;13;11;8;1;death_strike;???? ??????;Death Strike;??;damage;???? (???? ????);45658;0;0;0;0;?????×2;20;0;49998;2 ????, +20 ???? ???, ?????????.;???: ???? (???? ????) | ???? ? ATK × 1.25 (???????????? ?????/??????????/vers/?????) | ??????: ????: ?????×2, +20 ???. ???? | ???????????: ??? (0);;;;;;;;;;???? ??? ???
138;deathknight;?????? ??????;blood;?????;????;????;???? ???;175;13;11;8;2;heart_strike;???? ? ??????;Heart Strike;??;damage;???? (???? ????);46023;0;0;0;0;?????×1;10;0;55050;???? ?????, +10 ???? ???.;???: ???? (???? ????) | ???? ? ATK × 1.1 (???????????? ?????/??????????/vers/?????) | ??????: ????: ?????×1, +10 ???. ???? | ???????????: ??? (0);;;;;;;;;;???? ??? ???
139;deathknight;?????? ??????;blood;?????;????;????;???? ???;175;13;11;8;3;blood_boil;????????? ?????;Blood Boil;??;aoe;???? ?? ??????? (??? ?????);0.75;0;0;0;0;?????×1;10;0;48721;?? ???????, +10 ???? ???.;???: ???? ?? ??????? (??? ?????) | ???? ?? ??????? ????? ? ATK × 0.75 | ??????: ????: ?????×1, +10 ???. ???? | ???????????: ??? (0);;;;;;;;;;???? ??? ???
140;deathknight;?????? ??????;blood;?????;????;????;???? ???;175;13;11;8;4;death_coil;??? ??????;Death Coil;??;damage;???? (???? ????);46113;0;0;40;0;;0;0;47541;?????? 40 ???? ??? — ??????? ????.;???: ???? (???? ????) | ???? ? ATK × 1.4 (???????????? ?????/??????????/vers/?????) | ??????: ?40 ???? ??? | ???????????: ??? (0);;;;;;;;;;???? ??? ???
141;deathknight;?????? ??????;blood;?????;????;????;???? ???;175;13;11;8;5;rune_tap;?????? ???;Rune Tap;??;heal;????????? (????/???????);0.28;0;0;0;0;?????×1;0;2;48982;???? ????? — ???????????.;???: ????????? (????/???????) | ????????? ???????? ?? power=0.28 (?? ATK/???-????????????????) | ??????: ????: ?????×1 | ???????????: 2 ???(?/??);;;;;;;;;;???? ??? ???
142;deathknight;?????? ??????;blood;?????;????;????;???? ???;175;13;11;8;6;vampiric_blood;????? ???????;Vampiric Blood;??;buff;???? (????????);0.25;0;0;0;0;;0;4;55233;+????. HP ?? 3 ????.;"???: ???? (????????) | ????: ???????? ??????? ????? = power (0.25) — ??. ????????; ???????????? ? ??? ?? ???????? type=buff | ???????????: 4 ???(?/??)";;;;;;;;;;???? ??? ???
143;deathknight;?????? ??????;blood;?????;????;????;???? ???;175;13;11;8;7;bone_shield;???????? ???;Bone Shield;??;shield;??? / ??????????;0.38;0;0;0;0;????????????×1;10;3;49222;???? ???????????? — ???, +10 ???? ???.;???: ??? / ?????????? | ???: ???? ?????????? ??????? ? power=0.38 ? HP/ATK ????? | ??????: ????: ????????????×1, +10 ???. ???? | ???????????: 3 ???(?/??);;;;;;;;;;???? ??? ???
144;deathknight;?????? ??????;blood;?????;????;????;???? ???;175;13;11;8;8;ds;?????? ? ??????????;Death and Decay;??;aoe;???? ?? ??????? (??? ?????);0.8;0;0;0;0;????????????×1;10;2;43265;???? +10 ???? ???.;???: ???? ?? ??????? (??? ?????) | ???? ?? ??????? ????? ? ATK × 0.8 | ??????: ????: ????????????×1, +10 ???. ???? | ???????????: 2 ???(?/??);;;;;;;;;;???? ??? ???
145;deathknight;?????? ??????;blood;?????;????;????;???? ???;175;13;11;8;9;taunt;?????? ??????;Dark Command;??;taunt;??????????;0;0;0;0;0;;0;2;56222;??????????.;???: ?????????? | ???? (power)=0 — ????????????? ?? type ? ?????? ??? | ???????????: 2 ???(?/??);;;;;;;;;;???? ??? ???
146;deathknight;?????? ??????;blood;?????;????;????;???? ???;175;13;11;8;10;icebound;???????????? ????;Icebound Fortitude;??;shield;??? / ??????????;0.42;0;0;0;0;;0;5;48792;??? (???????????).;???: ??? / ?????????? | ???: ???? ?????????? ??????? ? power=0.42 ? HP/ATK ????? | ???????????: 5 ???(?/??);;;;;;;;;;???? ??? ???
147;deathknight;?????? ??????;frost;???;???? (DPS);????;???? ???;120;17;6;10;1;obliterate;???????????;Obliterate;??;damage;???? (???? ????);52963;0;0;0;0;?????×2;20;0;49020;2 ????, +20 ???? ???.;???: ???? (???? ????) | ???? ? ATK × 1.45 (???????????? ?????/??????????/vers/?????) | ??????: ????: ?????×2, +20 ???. ???? | ???????????: ??? (0);;;;;;;;;;???? ??? ???
148;deathknight;?????? ??????;frost;???;???? (DPS);????;???? ???;120;17;6;10;2;fs;???? ????;Frost Strike;??;damage;???? (???? ????);46143;0;0;35;0;;0;0;49143;??????? ?????? 35 ???? ???.;???: ???? (???? ????) | ???? ? ATK × 1.5 (???????????? ?????/??????????/vers/?????) | ??????: ?35 ???? ??? | ???????????: ??? (0);;;;;;;;;;???? ??? ???
149;deathknight;?????? ??????;frost;???;???? (DPS);????;???? ???;120;17;6;10;3;howling;?????? ?????;Howling Blast;???;aoe;???? ?? ??????? (??? ?????);0.9;0;0;0;0;???×1;10;0;49184;???? ????, +10 ???? ???, AoE.;???: ???? ?? ??????? (??? ?????) | ???? ?? ??????? ????? ? ATK × 0.9 | ??????: ????: ???×1, +10 ???. ???? | ???????????: ??? (0);;;;;;;;;;???? ??? ???
150;deathknight;?????? ??????;frost;???;???? (DPS);????;???? ???;120;17;6;10;4;plague_strike;???? ????;Plague Strike;??;dot;???? ?? ???????? (DoT);0.55;0;0;0;0;????????????×1;10;0;45462;???????, +10 ???? ???.;???: ???? ?? ???????? (DoT) | DoT: ?????????/??????? ???? ??????? ?? power=0.55 (??? ?? ATK) | ??????: ????: ????????????×1, +10 ???. ???? | ???????????: ??? (0);;;;;;;;;;???? ??? ???
151;deathknight;?????? ??????;frost;???;???? (DPS);????;???? ???;120;17;6;10;5;ity;??????? ?????;Pillar of Frost;??;buff;???? (????????);0.3;0;0;0;0;;0;4;51271;#????;"???: ???? (????????) | ????: ???????? ??????? ????? = power (0.3) — ??. ????????; ???????????? ? ??? ?? ???????? type=buff | ???????????: 4 ???(?/??)";;;;;;;;;;???? ??? ???
152;deathknight;?????? ??????;frost;???;???? (DPS);????;???? ???;120;17;6;10;6;outbreak;??????? ???????;Outbreak;??;dot;???? ?? ???????? (DoT);0.55;0;0;0;0;;0;3;77575;??????? (??? ???).;???: ???? ?? ???????? (DoT) | DoT: ?????????/??????? ???? ??????? ?? power=0.55 (??? ?? ATK) | ???????????: 3 ???(?/??);;;;;;;;;;???? ??? ???
153;deathknight;?????? ??????;frost;???;???? (DPS);????;???? ???;120;17;6;10;7;soul_reaper;???? ???;Soul Reaper;??;damage;???? (???? ????);46204;0;0;0;0;???×1;10;2;130735;???? ????. ????????? ?35%.;???: ???? (???? ????) | ???? ? ATK × 1.7 (???????????? ?????/??????????/vers/?????) | ??????: ????: ???×1, +10 ???. ???? | ???????????: 2 ???(?/??);;;;;;;;;;???? ??? ???
154;deathknight;?????? ??????;frost;???;???? (DPS);????;???? ???;120;17;6;10;8;dnd;?????? ? ??????????;Death and Decay;??;aoe;???? ?? ??????? (??? ?????);0.75;0;0;0;0;????????????×1;10;2;43265;?? ??????? +10 ???? ???.;???: ???? ?? ??????? (??? ?????) | ???? ?? ??????? ????? ? ATK × 0.75 | ??????: ????: ????????????×1, +10 ???. ???? | ???????????: 2 ???(?/??);;;;;;;;;;???? ??? ???
155;deathknight;?????? ??????;unholy;????????????;???? (DPS);????;???? ???;115;17;5;10;1;scourge;???? ?????;Scourge Strike;??;damage;???? (???? ????);46113;0;0;0;0;????????????×1;10;0;55090;???? ????????????, +10 ???? ???.;???: ???? (???? ????) | ???? ? ATK × 1.4 (???????????? ?????/??????????/vers/?????) | ??????: ????: ????????????×1, +10 ???. ???? | ???????????: ??? (0);;;;;;;;;;???? ??? ???
156;deathknight;?????? ??????;unholy;????????????;???? (DPS);????;???? ???;115;17;5;10;2;festering;???? ??????????;Festering Strike;??;damage;???? (???? ????);45658;0;0;0;0;?????×1, ???×1;20;0;85948;?????+???, +20 ???? ???.;???: ???? (???? ????) | ???? ? ATK × 1.25 (???????????? ?????/??????????/vers/?????) | ??????: ????: ?????×1, ???×1, +20 ???. ???? | ???????????: ??? (0);;;;;;;;;;???? ??? ???
157;deathknight;?????? ??????;unholy;????????????;???? (DPS);????;???? ???;115;17;5;10;3;death_coil;??? ??????;Death Coil;??;damage;???? (???? ????);52963;0;0;40;0;;0;0;47541;?????? 40 ???? ???.;???: ???? (???? ????) | ???? ? ATK × 1.45 (???????????? ?????/??????????/vers/?????) | ??????: ?40 ???? ??? | ???????????: ??? (0);;;;;;;;;;???? ??? ???
158;deathknight;?????? ??????;unholy;????????????;???? (DPS);????;???? ???;115;17;5;10;4;outbreak;??????? ???????;Outbreak;??;dot;???? ?? ???????? (DoT);0.6;0;0;0;0;;0;3;77575;???????.;???: ???? ?? ???????? (DoT) | DoT: ?????????/??????? ???? ??????? ?? power=0.6 (??? ?? ATK) | ???????????: 3 ???(?/??);;;;;;;;;;???? ??? ???
159;deathknight;?????? ??????;unholy;????????????;???? (DPS);????;???? ???;115;17;5;10;5;dark_trans;?????? ???????????;Dark Transformation;??;buff;???? (????????);0.28;0;0;0;0;????????????×1;10;3;63560;????????? ?????????, +10 ???? ???.;"???: ???? (????????) | ????: ???????? ??????? ????? = power (0.28) — ??. ????????; ???????????? ? ??? ?? ???????? type=buff | ??????: ????: ????????????×1, +10 ???. ???? | ???????????: 3 ???(?/??)";;;;;;;;;;???? ??? ???
160;deathknight;?????? ??????;unholy;????????????;???? (DPS);????;???? ???;115;17;5;10;6;summon_garg;?????? ????????;Summon Gargoyle;??;damage;???? (???? ????);46082;0;0;0;0;;0;5;49206;???? + ????????.;???: ???? (???? ????) | ???? ? ATK × 1.3 (???????????? ?????/??????????/vers/?????) | ???????????: 5 ???(?/??);;;;;;;;;;???? ??? ???
161;deathknight;?????? ??????;unholy;????????????;???? (DPS);????;???? ???;115;17;5;10;7;dnd;?????? ? ??????????;Death and Decay;??;aoe;???? ?? ??????? (??? ?????);0.85;0;0;0;0;????????????×1;10;2;43265;?? ??????? +10 ???? ???.;???: ???? ?? ??????? (??? ?????) | ???? ?? ??????? ????? ? ATK × 0.85 | ??????: ????: ????????????×1, +10 ???. ???? | ???????????: 2 ???(?/??);;;;;;;;;;???? ??? ???
162;deathknight;?????? ??????;unholy;????????????;???? (DPS);????;???? ???;115;17;5;10;8;soul_reaper;???? ???;Soul Reaper;??;damage;???? (???? ????);23743;0;0;0;0;????????????×1;10;2;130736;???? ????????????. ????????? ?35%.;???: ???? (???? ????) | ???? ? ATK × 1.65 (???????????? ?????/??????????/vers/?????) | ??????: ????: ????????????×1, +10 ???. ???? | ???????????: 2 ???(?/??);;;;;;;;;;???? ??? ???
163;deathknight;?????? ??????;unholy;????????????;???? (DPS);????;???? ???;115;17;5;10;9;plague_strike;???? ????;Plague Strike;??;dot;???? ?? ???????? (DoT);0.55;0;0;0;0;????????????×1;10;0;45462;??????? +10 ???? ???.;???: ???? ?? ???????? (DoT) | DoT: ?????????/??????? ???? ??????? ?? power=0.55 (??? ?? ATK) | ??????: ????: ????????????×1, +10 ???. ???? | ???????????: ??? (0);;;;;;;;;;???? ??? ???
164;shaman;?????;elemental;??????;???? (DPS);????;;95;17;3;11;1;lv;?????? ????;Lava Burst;??;damage;???? (???? ????);46174;8;0;0;0;;0;1;51505;??????? ????.;???: ???? (???? ????) | ???? ? ATK × 1.6 (???????????? ?????/??????????/vers/?????) | ??????: ?8 ???? | ???????????: 1 ???(?/??);;;;;;;;;;???? ??? ???
165;shaman;?????;elemental;??????;???? (DPS);????;;95;17;3;11;2;lb;??????;Lightning Bolt;?;damage;???? (???? ????);42005;5;0;0;0;;0;0;403;??????? ???????????.;???: ???? (???? ????) | ???? ? ATK × 1.15 (???????????? ?????/??????????/vers/?????) | ??????: ?5 ???? | ???????????: ??? (0);;;;;;;;;;???? ??? ???
166;shaman;?????;elemental;??????;???? (DPS);????;;95;17;3;11;3;flame_shock;???????? ???;Flame Shock;??;dot;???? ?? ???????? (DoT);0.6;6;0;0;0;;0;1;8050;DoT ??? ?????? ????.;???: ???? ?? ???????? (DoT) | DoT: ?????????/??????? ???? ??????? ?? power=0.6 (??? ?? ATK) | ??????: ?6 ???? | ???????????: 1 ???(?/??);;;;;;;;;;???? ??? ???
167;shaman;?????;elemental;??????;???? (DPS);????;;95;17;3;11;4;earth_shock;?????? ???;Earth Shock;??;damage;???? (???? ????);49310;8;0;0;0;;0;1;8042;??????? ???.;???: ???? (???? ????) | ???? ? ATK × 1.35 (???????????? ?????/??????????/vers/?????) | ??????: ?8 ???? | ???????????: 1 ???(?/??);;;;;;;;;;???? ??? ???
168;shaman;?????;elemental;??????;???? (DPS);????;;95;17;3;11;5;chain;?????? ??????;Chain Lightning;??;aoe;???? ?? ??????? (??? ?????);0.9;10;0;0;0;;0;0;421;?? ???????.;???: ???? ?? ??????? (??? ?????) | ???? ?? ??????? ????? ? ATK × 0.9 | ??????: ?10 ???? | ???????????: ??? (0);;;;;;;;;;???? ??? ???
169;shaman;?????;elemental;??????;???? (DPS);????;;95;17;3;11;6;thunderstorm;?????;Thunderstorm;??;aoe;???? ?? ??????? (??? ?????);0.7;5;12;0;0;;0;3;51490;AoE +12 ????.;???: ???? ?? ??????? (??? ?????) | ???? ?? ??????? ????? ? ATK × 0.7 | ??????: ?5 ????, +12 ???? | ???????????: 3 ???(?/??);;;;;;;;;;???? ??? ???
170;shaman;?????;elemental;??????;???? (DPS);????;;95;17;3;11;7;ele_blast;????? ??????;Elemental Blast;??;damage;???? (???? ????);46143;10;0;0;0;;0;2;117014;??????: ?????? ????.;???: ???? (???? ????) | ???? ? ATK × 1.5 (???????????? ?????/??????????/vers/?????) | ??????: ?10 ???? | ???????????: 2 ???(?/??);;;;;;;;;;???? ??? ???
171;shaman;?????;elemental;??????;???? (DPS);????;;95;17;3;11;8;fire_ele;?????????? ????;Fire Elemental Totem;??;damage;???? (???? ????);46054;0;0;0;0;;0;5;2894;???? + ??????????.;???: ???? (???? ????) | ???? ? ATK × 1.2 (???????????? ?????/??????????/vers/?????) | ???????????: 5 ???(?/??);;;;;;;;;;???? ??? ???
172;shaman;?????;elemental;??????;???? (DPS);????;;95;17;3;11;9;ascendance;????????????;Ascendance;??;buff;???? (????????);0.3;0;0;0;0;;0;5;114050;#????;"???: ???? (????????) | ????: ???????? ??????? ????? = power (0.3) — ??. ????????; ???????????? ? ??? ?? ???????? type=buff | ???????????: 5 ???(?/??)";;;;;;;;;;???? ??? ???
173;shaman;?????;enhancement;?????????????????;???? (DPS);????;;105;17;4;12;1;stormstrike;???? ????;Stormstrike;??;damage;???? (???? ????);46143;8;0;0;0;;0;1;17364;???????? ????.;???: ???? (???? ????) | ???? ? ATK × 1.5 (???????????? ?????/??????????/vers/?????) | ??????: ?8 ???? | ???????????: 1 ???(?/??);;;;;;;;;;???? ??? ???
174;shaman;?????;enhancement;?????????????????;???? (DPS);????;;105;17;4;12;2;lava_lash;????????? ????;Lava Lash;??;damage;???? (???? ????);46113;7;0;0;0;;0;1;60103;???? ?????? ????.;???: ???? (???? ????) | ???? ? ATK × 1.4 (???????????? ?????/??????????/vers/?????) | ??????: ?7 ???? | ???????????: 1 ???(?/??);;;;;;;;;;???? ??? ???
175;shaman;?????;enhancement;?????????????????;???? (DPS);????;;105;17;4;12;3;flame_shock;???????? ???;Flame Shock;??;dot;???? ?? ???????? (DoT);0.55;6;0;0;0;;0;1;8050;DoT.;???: ???? ?? ???????? (DoT) | DoT: ?????????/??????? ???? ??????? ?? power=0.55 (??? ?? ATK) | ??????: ?6 ???? | ???????????: 1 ???(?/??);;;;;;;;;;???? ??? ???
176;shaman;?????;enhancement;?????????????????;???? (DPS);????;;105;17;4;12;4;lb;??????;Lightning Bolt;?;damage;???? (???? ????);46054;5;0;0;0;;0;0;403;??????????? ?? ???? (?????. ??? ??????????).;???: ???? (???? ????) | ???? ? ATK × 1.2 (???????????? ?????/??????????/vers/?????) | ??????: ?5 ???? | ???????????: ??? (0);;;;;;;;;;???? ??? ???
177;shaman;?????;enhancement;?????????????????;???? (DPS);????;;105;17;4;12;5;unleash;??????????? ??????;Unleash Elements;?;buff;???? (????????);0.18;5;0;0;0;;0;1;73680;+????? ?? 3 ????.;"???: ???? (????????) | ????: ???????? ??????? ????? = power (0.18) — ??. ????????; ???????????? ? ??? ?? ???????? type=buff | ??????: ?5 ???? | ???????????: 1 ???(?/??)";;;;;;;;;;???? ??? ???
178;shaman;?????;enhancement;?????????????????;???? (DPS);????;;105;17;4;12;6;fire_nova;?????? ????;Fire Nova;??;aoe;???? ?? ??????? (??? ?????);0.9;9;0;0;0;;0;1;1535;AoE.;???: ???? ?? ??????? (??? ?????) | ???? ?? ??????? ????? ? ATK × 0.9 | ??????: ?9 ???? | ???????????: 1 ???(?/??);;;;;;;;;;???? ??? ???
179;shaman;?????;enhancement;?????????????????;???? (DPS);????;;105;17;4;12;7;feral_spirit;??? ?????? ?????;Feral Spirit;??;damage;???? (???? ????);46054;0;0;0;0;;0;5;51533;2 ????? ?? 3 ??????.;???: ???? (???? ????) | ???? ? ATK × 1.2 (???????????? ?????/??????????/vers/?????) | ???????????: 5 ???(?/??);;;;;;;;;;???? ??? ???
180;shaman;?????;enhancement;?????????????????;???? (DPS);????;;105;17;4;12;8;ascendance;????????????;Ascendance;??;buff;???? (????????);0.3;0;0;0;0;;0;5;114051;#????;"???: ???? (????????) | ????: ???????? ??????? ????? = power (0.3) — ??. ????????; ???????????? ? ??? ?? ???????? type=buff | ???????????: 5 ???(?/??)";;;;;;;;;;???? ??? ???
181;shaman;?????;enhancement;?????????????????;???? (DPS);????;;105;17;4;12;9;earth_shock;?????? ???;Earth Shock;??;damage;???? (???? ????);45658;7;0;0;0;;0;0;8042;???.;???: ???? (???? ????) | ???? ? ATK × 1.25 (???????????? ?????/??????????/vers/?????) | ??????: ?7 ???? | ???????????: ??? (0);;;;;;;;;;???? ??? ???
182;shaman;?????;restoration;?????????;????????;????;;95;8;4;10;1;riptide;????????;Riptide;??;heal;????????? (????/???????);0.4;10;0;0;0;;0;1;61295;Hit + HoT — ?????? ????.;???: ????????? (????/???????) | ????????? ???????? ?? power=0.4 (?? ATK/???-????????????????) | ??????: ?10 ???? | ???????????: 1 ???(?/??);;;;;;;;;;"?????? ????????, ??????? ?????? ?? 4 ????, ???????? ??? ?? 22?, ????????????? ??? ??????? 3?, ???? ??? ?? 2 ?????  ??????? ????????? ""????? ?????????"" ?? 10% ??? ???????? ??????????? ?????? ? ??????????? ""?????????? ???????"" ?? 50% "
183;shaman;?????;restoration;?????????;????????;????;;95;8;4;10;2;hw;????? ?????????;Healing Wave;??;heal;????????? (????/???????);0.5;12;0;0;0;;0;0;331;??????? ???????.;???: ????????? (????/???????) | ????????? ???????? ?? power=0.5 (?? ATK/???-????????????????) | ??????: ?12 ???? | ???????????: ??? (0);;;;;;;;;;?????? ????????, ??????? ?????? ?? 8,
184;shaman;?????;restoration;?????????;????????;????;;95;8;4;10;3;chw;?????????? ???????;Healing Surge;??;heal;????????? (????/???????);0.42;13;0;0;0;;0;0;8004;??????? ???????.;???: ????????? (????/???????) | ????????? ???????? ?? power=0.42 (?? ATK/???-????????????????) | ??????: ?13 ???? | ???????????: ??? (0);;;;;;;;;;?????? ????????
185;shaman;?????;restoration;?????????;????????;????;;95;8;4;10;4;ch;?????? ?????????;Chain Heal;??;heal_aoe;heal_aoe;0.26;15;0;0;0;;0;0;1064;??? ?? ???????.;???: heal_aoe | ???? (power)=0.26 — ????????????? ?? type ? ?????? ??? | ??????: ?15 ???? | ???????????: ??? (0);;;;;;;;;;?????? ????????, ??????? ????????? ?? 13, ???????? ????????? ?? 40?, ????????? ?? ??????? ? ???????? ? ???????? ?? ? ? ?????? ????????? ?????? 10% ?????????????
186;shaman;?????;restoration;?????????;????????;????;;95;8;4;10;5;hs;?????????? ??????;Healing Rain;???;heal_aoe;heal_aoe;0.24;16;0;0;0;;0;2;73920;????????? ???.;???: heal_aoe | ???? (power)=0.24 — ????????????? ?? type ? ?????? ??? | ??????: ?16 ???? | ???????????: 2 ???(?/??);;;;;;;;;;?????? ????????, ?????? ??????? ???? ??????????? ????????? ??? ?? ???? ????? ?? 5 ?????, ??????????????? 7? ?? ???
187;shaman;?????;restoration;?????????;????????;????;;95;8;4;10;6;hst;????? ???????????? ??????;Healing Stream Totem;?;heal_aoe;heal_aoe;0.18;8;0;0;0;;0;2;5394;??? ?? ?????? (?????. one-shot).;???: heal_aoe | ???? (power)=0.18 — ????????????? ?? type ? ?????? ??? | ??????: ?8 ???? | ???????????: 2 ???(?/??);;;;;;;;;;"?????? ????????, ??????? ?????? ???? ?? 5, ?????? ??????? ???? ????????? ??????? (??? ???? ????? ??????? ??????) ""??????? ?????"" ??????? ??? ????????? ????????? ""?????? ?????????"" ??????????? ?? 50% ?  ? ??????? 3 ????? ???????? ???????? ???????? ? ???????? ?????????, ???? ????????? 20?, ???????? ????? 3 ?????"
188;shaman;?????;restoration;?????????;????????;????;;95;8;4;10;7;unleash;??????????? ?????;Unleash Life;?;heal;????????? (????/???????);0.32;6;0;0;0;;0;2;73685;?????????? ???.;???: ????????? (????/???????) | ????????? ???????? ?? power=0.32 (?? ATK/???-????????????????) | ??????: ?6 ???? | ???????????: 2 ???(?/??);;;;;;;;;;?????? ????????,?? ?????? ???, ??????? ????????? ?? 15?, ????????? ????????? 2 ?????????? ?????????? ?? 20%
189;shaman;?????;restoration;?????????;????????;????;;95;8;4;10;8;flame_shock;???????? ???;Flame Shock;??;dot;???? ?? ???????? (DoT);0.5;6;0;0;0;;0;0;8050;??????????? ?????.;???: ???? ?? ???????? (DoT) | DoT: ?????????/??????? ???? ??????? ?? power=0.5 (??? ?? ATK) | ??????: ?6 ???? | ???????????: ??? (0);;;;;;;;;;?????? ????????, ???????? ???? ?? 7? ?? ??? ? 4? ????????????? ? ????????????? 6 ?????
190;shaman;?????;restoration;?????????;????????;????;;95;8;4;10;9;spirit_link;????? ???????? ?????;Spirit Link Totem;??;heal_aoe;heal_aoe;0.22;0;0;0;0;;0;5;98008;????????? ??? ?? ??????.;???: heal_aoe | ???? (power)=0.22 — ????????????? ?? type ? ?????? ??? | ???????????: 5 ???(?/??);;;;;;;;;;?????? ????????, ?????????????? ????? ?????? 15? ? ????? ???????? ????? ?????? ?????????????? ?? ????? ? % ????? ???? ????? ??? ?? ?? ?????? ????????? ?? % , ????????? ?????????? ??????? ???? ?? 10%  ????????? 3 ????
191;mage;???;arcane;?????? ?????;???? (DPS);????;;85;18;2;11;1;ab;??????????? ???????;Arcane Blast;??;damage;???? (???? ????);46113;8;0;0;0;;0;0;30451;???????? ??????? ????.;???: ???? (???? ????) | ???? ? ATK × 1.4 (???????????? ?????/??????????/vers/?????) | ??????: ?8 ???? | ???????????: ??? (0);;;;;;;;;;???? ??? ???
192;mage;???;arcane;?????? ?????;???? (DPS);????;;85;18;2;11;2;am;??????????? ??????;Arcane Missiles;?;damage;???? (???? ????);46082;6;0;0;0;;0;0;5143;??????? ????? (?????. ??? ???????).;???: ???? (???? ????) | ???? ? ATK × 1.3 (???????????? ?????/??????????/vers/?????) | ??????: ?6 ???? | ???????????: ??? (0);;;;;;;;;;???? ??? ???
193;mage;???;arcane;?????? ?????;???? (DPS);????;;85;18;2;11;3;abarr;??????????? ???????;Arcane Barrage;??;damage;???? (???? ????);45658;6;0;0;0;;0;1;44425;??????? ?????.;???: ???? (???? ????) | ???? ? ATK × 1.25 (???????????? ?????/??????????/vers/?????) | ??????: ?6 ???? | ???????????: 1 ???(?/??);;;;;;;;;;???? ??? ???
194;mage;???;arcane;?????? ?????;???? (DPS);????;;85;18;2;11;4;ae;??????????? ?????;Arcane Explosion;??;aoe;???? ?? ??????? (??? ?????);0.85;10;0;0;0;;0;0;1449;?? ???????.;???: ???? ?? ??????? (??? ?????) | ???? ?? ??????? ????? ? ATK × 0.85 | ??????: ?10 ???? | ???????????: ??? (0);;;;;;;;;;???? ??? ???
195;mage;???;arcane;?????? ?????;???? (DPS);????;;85;18;2;11;5;arcane_power;???? ?????? ?????;Arcane Power;??;buff;???? (????????);0.3;0;0;0;0;;0;5;12042;#????;"???: ???? (????????) | ????: ???????? ??????? ????? = power (0.3) — ??. ????????; ???????????? ? ??? ?? ???????? type=buff | ???????????: 5 ???(?/??)";;;;;;;;;;???? ??? ???
196;mage;???;arcane;?????? ?????;???? (DPS);????;;85;18;2;11;6;presence;??????????? ??????;Presence of Mind;??;buff;???? (????????);0.15;0;0;0;0;;0;4;12043;+????? (??????).;"???: ???? (????????) | ????: ???????? ??????? ????? = power (0.15) — ??. ????????; ???????????? ? ??? ?? ???????? type=buff | ???????????: 4 ???(?/??)";;;;;;;;;;???? ??? ???
197;mage;???;arcane;?????? ?????;???? (DPS);????;;85;18;2;11;7;mirror;?????????? ???????????;Mirror Image;??;damage;???? (???? ????);46023;0;0;0;0;;0;5;55342;???? + 2 ?????.;???: ???? (???? ????) | ???? ? ATK × 1.1 (???????????? ?????/??????????/vers/?????) | ???????????: 5 ???(?/??);;;;;;;;;;???? ??? ???
198;mage;???;arcane;?????? ?????;???? (DPS);????;;85;18;2;11;8;evocation;?????? ???;Evocation;??;buff;???? (????????);0;0;35;0;0;;0;4;12051;+35 ????.;"???: ???? (????????) | ????: ???????? ??????? ????? = power (0) — ??. ????????; ???????????? ? ??? ?? ???????? type=buff | ??????: +35 ???? | ???????????: 4 ???(?/??)";;;;;;;;;;???? ??? ???
199;mage;???;arcane;?????? ?????;???? (DPS);????;;85;18;2;11;9;nether_tempest;???? ???????;Nether Tempest;??;dot;???? ?? ???????? (DoT);0.65;6;0;0;0;;0;1;114923;DoT (??????).;???: ???? ?? ???????? (DoT) | DoT: ?????????/??????? ???? ??????? ?? power=0.65 (??? ?? ATK) | ??????: ?6 ???? | ???????????: 1 ???(?/??);;;;;;;;;;???? ??? ???
200;mage;???;fire;?????;???? (DPS);????;;85;18;2;11;1;fireball;???????? ???;Fireball;??;damage;???? (???? ????);46082;7;0;0;0;;0;0;133;???????????.;???: ???? (???? ????) | ???? ? ATK × 1.3 (???????????? ?????/??????????/vers/?????) | ??????: ?7 ???? | ???????????: ??? (0);;;;;;;;;;???? ??? ???
201;mage;???;fire;?????;???? (DPS);????;;85;18;2;11;2;pyroblast;???????? ?????;Pyroblast;??;damage;???? (???? ????);27395;12;0;0;0;;0;0;11366;??????? ??????? ????.;???: ???? (???? ????) | ???? ? ATK × 1.75 (???????????? ?????/??????????/vers/?????) | ??????: ?12 ???? | ???????????: ??? (0);;;;;;;;;;???? ??? ???
202;mage;???;fire;?????;???? (DPS);????;;85;18;2;11;3;inferno_blast;???????????? ?????;Inferno Blast;??;damage;???? (???? ????);46054;5;0;0;0;;0;1;108853;?????????? ????.;???: ???? (???? ????) | ???? ? ATK × 1.2 (???????????? ?????/??????????/vers/?????) | ??????: ?5 ???? | ???????????: 1 ???(?/??);;;;;;;;;;???? ??? ???
203;mage;???;fire;?????;???? (DPS);????;;85;18;2;11;4;combustion;??????????;Combustion;??;damage;???? (???? ????);23743;10;0;0;0;;0;4;11129;??????? (??).;???: ???? (???? ????) | ???? ? ATK × 1.65 (???????????? ?????/??????????/vers/?????) | ??????: ?10 ???? | ???????????: 4 ???(?/??);;;;;;;;;;???? ??? ???
204;mage;???;fire;?????;???? (DPS);????;;85;18;2;11;5;living_bomb;????? ?????;Living Bomb;??;dot;???? ?? ???????? (DoT);0.7;6;0;0;0;;0;2;44457;DoT (??????).;???: ???? ?? ???????? (DoT) | DoT: ?????????/??????? ???? ??????? ?? power=0.7 (??? ?? ATK) | ??????: ?6 ???? | ???????????: 2 ???(?/??);;;;;;;;;;???? ??? ???
205;mage;???;fire;?????;???? (DPS);????;;85;18;2;11;6;flamestrike;???????? ?????;Flamestrike;??;aoe;???? ?? ??????? (??? ?????);0.85;12;0;0;0;;0;0;2120;?? ???????.;???: ???? ?? ??????? (??? ?????) | ???? ?? ??????? ????? ? ATK × 0.85 | ??????: ?12 ???? | ???????????: ??? (0);;;;;;;;;;???? ??? ???
206;mage;???;fire;?????;???? (DPS);????;;85;18;2;11;7;scorch;????;Scorch;???;damage;???? (???? ????);46143;5;0;0;0;;0;0;2948;??????? ????.;???: ???? (???? ????) | ???? ? ATK × 1.05 (???????????? ?????/??????????/vers/?????) | ??????: ?5 ???? | ???????????: ??? (0);;;;;;;;;;???? ??? ???
207;mage;???;fire;?????;???? (DPS);????;;85;18;2;11;8;mirror;?????????? ???????????;Mirror Image;??;damage;???? (???? ????);46023;0;0;0;0;;0;5;55342;???? + 2 ?????.;???: ???? (???? ????) | ???? ? ATK × 1.1 (???????????? ?????/??????????/vers/?????) | ???????????: 5 ???(?/??);;;;;;;;;;???? ??? ???
208;mage;???;fire;?????;???? (DPS);????;;85;18;2;11;9;alter_time;??????????? ?? ????????;Alter Time;?;buff;???? (????????);0.18;0;0;0;0;;0;5;108978;+????? (?????.).;"???: ???? (????????) | ????: ???????? ??????? ????? = power (0.18) — ??. ????????; ???????????? ? ??? ?? ???????? type=buff | ???????????: 5 ???(?/??)";;;;;;;;;;???? ??? ???
209;mage;???;frost;???;???? (DPS);????;;88;17;3;11;1;frostbolt;??????? ??????;Frostbolt;??;damage;???? (???? ????);46082;6;0;0;0;;0;0;116;???????? ???????????.;???: ???? (???? ????) | ???? ? ATK × 1.3 (???????????? ?????/??????????/vers/?????) | ??????: ?6 ???? | ???????????: ??? (0);;;;;;;;;;???? ??? ???
210;mage;???;frost;???;???? (DPS);????;;88;17;3;11;2;ice_lance;??????? ?????;Ice Lance;???;damage;???? (???? ????);46054;5;0;0;0;;0;0;30455;?????????? ????.;???: ???? (???? ????) | ???? ? ATK × 1.2 (???????????? ?????/??????????/vers/?????) | ??????: ?5 ???? | ???????????: ??? (0);;;;;;;;;;???? ??? ???
211;mage;???;frost;???;???? (DPS);????;;88;17;3;11;3;frozen_orb;??????? ???;Frozen Orb;??;aoe;???? ?? ??????? (??? ?????);0.95;10;0;0;0;;0;3;84714;AoE ???.;???: ???? ?? ??????? (??? ?????) | ???? ?? ??????? ????? ? ATK × 0.95 | ??????: ?10 ???? | ???????????: 3 ???(?/??);;;;;;;;;;???? ??? ???
212;mage;???;frost;???;???? (DPS);????;;88;17;3;11;4;deep_freeze;???????? ?????????;Deep Freeze;??;damage;???? (???? ????);20090;8;0;0;0;;0;3;44572;??????? ??-????.;???: ???? (???? ????) | ???? ? ATK × 1.55 (???????????? ?????/??????????/vers/?????) | ??????: ?8 ???? | ???????????: 3 ???(?/??);;;;;;;;;;???? ??? ???
213;mage;???;frost;???;???? (DPS);????;;88;17;3;11;5;cone;????? ??????;Cone of Cold;??;aoe;???? ?? ??????? (??? ?????);0.8;9;0;0;0;;0;2;120;?????.;???: ???? ?? ??????? (??? ?????) | ???? ?? ??????? ????? ? ATK × 0.8 | ??????: ?9 ???? | ???????????: 2 ???(?/??);;;;;;;;;;???? ??? ???
214;mage;???;frost;???;???? (DPS);????;;88;17;3;11;6;blizzard;??????? ????;Blizzard;???;aoe;???? ?? ??????? (??? ?????);0.8;12;0;0;0;;0;0;10;????????? ????.;???: ???? ?? ??????? (??? ?????) | ???? ?? ??????? ????? ? ATK × 0.8 | ??????: ?12 ???? | ???????????: ??? (0);;;;;;;;;;???? ??? ???
215;mage;???;frost;???;???? (DPS);????;;88;17;3;11;7;icy_veins;?????? ?????;Icy Veins;??;buff;???? (????????);0.3;0;0;0;0;;0;5;12472;#????;"???: ???? (????????) | ????: ???????? ??????? ????? = power (0.3) — ??. ????????; ???????????? ? ??? ?? ???????? type=buff | ???????????: 5 ???(?/??)";;;;;;;;;;???? ??? ???
216;mage;???;frost;???;???? (DPS);????;;88;17;3;11;8;summon_water;?????????? ????;Summon Water Elemental;??;damage;???? (???? ????);46143;0;0;0;0;;0;4;31687;???????.;???: ???? (???? ????) | ???? ? ATK × 1.05 (???????????? ?????/??????????/vers/?????) | ???????????: 4 ???(?/??);;;;;;;;;;???? ??? ???
217;mage;???;frost;???;???? (DPS);????;;88;17;3;11;9;frostfire;?????? ???????? ????;Frostfire Bolt;??;damage;???? (???? ????);49310;7;0;0;0;;0;0;44614;?????????????? ???????????.;???: ???? (???? ????) | ???? ? ATK × 1.35 (???????????? ?????/??????????/vers/?????) | ??????: ?7 ???? | ???????????: ??? (0);;;;;;;;;;???? ??? ???
218;warlock;????????????;affliction;??????????;???? (DPS);????;??????? ????;90;17;2;10;1;agony;??????;Agony;??;dot;???? ?? ???????? (DoT);0.55;5;0;0;0;;0;1;980;DoT.;???: ???? ?? ???????? (DoT) | DoT: ?????????/??????? ???? ??????? ?? power=0.55 (??? ?? ATK) | ??????: ?5 ???? | ???????????: 1 ???(?/??);;;;;;;;;;???? ??? ???
219;warlock;????????????;affliction;??????????;???? (DPS);????;??????? ????;90;17;2;10;2;corruption;?????;Corruption;??;dot;???? ?? ???????? (DoT);0.55;4;0;0;0;;0;0;172;DoT.;???: ???? ?? ???????? (DoT) | DoT: ?????????/??????? ???? ??????? ?? power=0.55 (??? ?? ATK) | ??????: ?4 ???? | ???????????: ??? (0);;;;;;;;;;???? ??? ???
220;warlock;????????????;affliction;??????????;???? (DPS);????;??????? ????;90;17;2;10;3;ua;???????????? ??????????;Unstable Affliction;??;dot;???? ?? ???????? (DoT);0.7;7;0;0;0;;0;1;30108;??????? DoT.;???: ???? ?? ???????? (DoT) | DoT: ?????????/??????? ???? ??????? ?? power=0.7 (??? ?? ATK) | ??????: ?7 ???? | ???????????: 1 ???(?/??);;;;;;;;;;???? ??? ???
221;warlock;????????????;affliction;??????????;???? (DPS);????;??????? ????;90;17;2;10;4;malefic;?????? ?????????;Malefic Grasp;???;damage;???? (???? ????);42005;7;0;0;0;;0;0;103103;?????-???????????.;???: ???? (???? ????) | ???? ? ATK × 1.15 (???????????? ?????/??????????/vers/?????) | ??????: ?7 ???? | ???????????: ??? (0);;;;;;;;;;???? ??? ???
222;warlock;????????????;affliction;??????????;???? (DPS);????;??????? ????;90;17;2;10;5;haunt;?????????? ???;Haunt;??;damage;???? (???? ????);23743;10;0;1;0;;0;2;48181;?????? 1 ??????? — ??????? ????.;???: ???? (???? ????) | ???? ? ATK × 1.65 (???????????? ?????/??????????/vers/?????) | ??????: ?10 ????, ?1 ??????? ???? | ???????????: 2 ???(?/??);;;;;;;;;;???? ??? ???
223;warlock;????????????;affliction;??????????;???? (DPS);????;??????? ????;90;17;2;10;6;drain_soul;????????? ????;Drain Soul;??;damage;???? (???? ????);46143;5;0;0;1;;0;0;1120;???? + 1 ??????? ????.;???: ???? (???? ????) | ???? ? ATK × 1.05 (???????????? ?????/??????????/vers/?????) | ??????: ?5 ????, +1 ??????? ???? | ???????????: ??? (0);;;;;;;;;;???? ??? ???
224;warlock;????????????;affliction;??????????;???? (DPS);????;??????? ????;90;17;2;10;7;seed;???? ?????;Seed of Corruption;??;aoe;???? ?? ??????? (??? ?????);0.75;11;0;0;0;;0;0;27243;AoE.;???: ???? ?? ??????? (??? ?????) | ???? ?? ??????? ????? ? ATK × 0.75 | ??????: ?11 ???? | ???????????: ??? (0);;;;;;;;;;???? ??? ???
225;warlock;????????????;affliction;??????????;???? (DPS);????;??????? ????;90;17;2;10;8;dark_soul;?????? ????: ??????????;Dark Soul: Misery;??;buff;???? (????????);0.3;0;0;0;0;;0;5;113860;+30% ?????.;"???: ???? (????????) | ????: ???????? ??????? ????? = power (0.3) — ??. ????????; ???????????? ? ??? ?? ???????? type=buff | ???????????: 5 ???(?/??)";;;;;;;;;;???? ??? ???
226;warlock;????????????;affliction;??????????;???? (DPS);????;??????? ????;90;17;2;10;9;soulburn;???????? ????;Soulburn;??;buff;???? (????????);0.25;0;0;1;0;;0;2;74434;?????? 1 ??????? — +?????.;"???: ???? (????????) | ????: ???????? ??????? ????? = power (0.25) — ??. ????????; ???????????? ? ??? ?? ???????? type=buff | ??????: ?1 ??????? ???? | ???????????: 2 ???(?/??)";;;;;;;;;;???? ??? ???
227;warlock;????????????;demonology;???????????;???? (DPS);????;??????? ????;100;16;4;10;1;shadow_bolt;?????? ????;Shadow Bolt;??;damage;???? (???? ????);42005;7;0;0;1;;0;0;686;??????????? + 1 ??????? (?????.).;???: ???? (???? ????) | ???? ? ATK × 1.15 (???????????? ?????/??????????/vers/?????) | ??????: ?7 ????, +1 ??????? ???? | ???????????: ??? (0);;;;;;;;;;?????? ????????
228;warlock;????????????;demonology;???????????;???? (DPS);????;??????? ????;100;16;4;10;2;soul_fire;???? ????;Soul Fire;??;damage;???? (???? ????);46204;12;0;1;0;;0;0;6353;?????? 1 ??????? — ??????? ????.;???: ???? (???? ????) | ???? ? ATK × 1.7 (???????????? ?????/??????????/vers/?????) | ??????: ?12 ????, ?1 ??????? ???? | ???????????: ??? (0);;;;;;;;;;?????? ????????, ??????? ?????? ?? 7 ????
229;warlock;????????????;demonology;???????????;???? (DPS);????;??????? ????;100;16;4;10;3;corruption;?????;Corruption;??;dot;???? ?? ???????? (DoT);0.55;5;0;0;0;;0;0;172;DoT.;???: ???? ?? ???????? (DoT) | DoT: ?????????/??????? ???? ??????? ?? power=0.55 (??? ?? ATK) | ??????: ?5 ???? | ???????????: ??? (0);;;;;;;;;;?????? ????????, ???????? ??????? ???? ?? 13? ? ????????????? ?? 5?
230;warlock;????????????;demonology;???????????;???? (DPS);????;??????? ????;100;16;4;10;4;hand_guldan;????? ???'????;Hand of Gul'dan;?;aoe;???? ?? ??????? (??? ?????);0.95;10;0;0;1;;0;2;105174;AoE + ???? + 1 ???????.;???: ???? ?? ??????? (??? ?????) | ???? ?? ??????? ????? ? ATK × 0.95 | ??????: ?10 ????, +1 ??????? ???? | ???????????: 2 ???(?/??);;;;;;;;;;?????? ????????, ??????? ?????? ???????? 2, ?????? ??
231;warlock;????????????;demonology;???????????;???? (DPS);????;??????? ????;100;16;4;10;5;hellfire;?????? ?????;Hellfire;??;aoe;???? ?? ??????? (??? ?????);0.8;10;0;0;0;;0;0;1949;AoE ?????? ????.;???: ???? ?? ??????? (??? ?????) | ???? ?? ??????? ????? ? ATK × 0.8 | ??????: ?10 ???? | ???????????: ??? (0);;;;;;;;;;??????? ?????
232;warlock;????????????;demonology;???????????;???? (DPS);????;??????? ????;100;16;4;10;6;metamorphosis;???????????;Metamorphosis;??;buff;???? (????????);0.28;0;0;1;0;;0;4;103958;?????? 1 ???????: +?????/?????? 4 ????.;"???: ???? (????????) | ????: ???????? ??????? ????? = power (0.28) — ??. ????????; ???????????? ? ??? ?? ???????? type=buff | ??????: ?1 ??????? ???? | ???????????: 4 ???(?/??)";;;;;;;;;;??????? ????????, ??? ?????? , ?? ?????? ???, ?? 5 . ?????? ??????????? ???? ? ???? ????? ?? 30% ?? 2 ????, ?????? ???????? ? 4 ???? ? ??????
233;warlock;????????????;demonology;???????????;???? (DPS);????;??????? ????;100;16;4;10;7;doom;???;Doom;??;dot;???? ?? ???????? (DoT);0.75;8;0;0;0;;0;2;603;?????? DoT.;???: ???? ?? ???????? (DoT) | DoT: ?????????/??????? ???? ??????? ?? power=0.75 (??? ?? ATK) | ??????: ?8 ???? | ???????????: 2 ???(?/??);;;;;;;;;;??????? ?????
234;warlock;????????????;demonology;???????????;???? (DPS);????;??????? ????;100;16;4;10;8;dark_soul;?????? ????: ??????;Dark Soul: Knowledge;??;buff;???? (????????);0.3;0;0;0;0;;0;5;113861;+30% ?????.;"???: ???? (????????) | ????: ???????? ??????? ????? = power (0.3) — ??. ????????; ???????????? ? ??? ?? ???????? type=buff | ???????????: 5 ???(?/??)";;;;;;;;;;??????? ????????, ??? ??????, ????????? ?????? ?? ????? ????????? ?? ???????? ?? 3 ????, ?? 10
235;warlock;????????????;demonology;???????????;???? (DPS);????;??????? ????;100;16;4;10;9;felstorm;???? ??????? (?????);Felstorm;???;aoe;???? ?? ??????? (??? ?????);0.85;0;0;0;0;;0;3;89751;????? ???? ?? ???????.;???: ???? ?? ??????? (??? ?????) | ???? ?? ??????? ????? ? ATK × 0.85 | ???????????: 3 ???(?/??);;;;;;;;;;??????? ????????, ???????? ???? ?? 30?
236;warlock;????????????;destruction;??????????;???? (DPS);????;??????? ????;90;18;2;11;1;incinerate;???????????;Incinerate;??;damage;???? (???? ????);46054;7;0;0;1;;0;0;29722;??????????? + 1 ??????? (?????. ????).;???: ???? (???? ????) | ???? ? ATK × 1.2 (???????????? ?????/??????????/vers/?????) | ??????: ?7 ????, +1 ??????? ???? | ???????????: ??? (0);;;;;;;;;;???? ??? ???
237;warlock;????????????;destruction;??????????;???? (DPS);????;??????? ????;90;18;2;11;2;immolate;?????????? ?????;Immolate;???;dot;???? ?? ???????? (DoT);0.6;6;0;0;0;;0;1;348;DoT.;???: ???? ?? ???????? (DoT) | DoT: ?????????/??????? ???? ??????? ?? power=0.6 (??? ?? ATK) | ??????: ?6 ???? | ???????????: 1 ???(?/??);;;;;;;;;;???? ??? ???
238;warlock;????????????;destruction;??????????;???? (DPS);????;??????? ????;90;18;2;11;3;chaos_bolt;?????? ?????;Chaos Bolt;??;damage;???? (???? ????);2;10;0;1;0;;0;0;116858;?????? 1 ??????? — ??????? ????.;???: ???? (???? ????) | ???? ? ATK × 2 (???????????? ?????/??????????/vers/?????) | ??????: ?10 ????, ?1 ??????? ???? | ???????????: ??? (0);;;;;;;;;;???? ??? ???
239;warlock;????????????;destruction;??????????;???? (DPS);????;??????? ????;90;18;2;11;4;conflag;??????????;Conflagrate;??;damage;???? (???? ????);45658;5;0;0;1;;0;1;17962;????????? + 1 ???????.;???: ???? (???? ????) | ???? ? ATK × 1.25 (???????????? ?????/??????????/vers/?????) | ??????: ?5 ????, +1 ??????? ???? | ???????????: 1 ???(?/??);;;;;;;;;;???? ??? ???
240;warlock;????????????;destruction;??????????;???? (DPS);????;??????? ????;90;18;2;11;5;shadowburn;???? ????;Shadowburn;??;damage;???? (???? ????);27395;8;0;1;0;;0;2;17877;???????. ????????? ?35%.;???: ???? (???? ????) | ???? ? ATK × 1.75 (???????????? ?????/??????????/vers/?????) | ??????: ?8 ????, ?1 ??????? ???? | ???????????: 2 ???(?/??);;;;;;;;;;???? ??? ???
241;warlock;????????????;destruction;??????????;???? (DPS);????;??????? ????;90;18;2;11;6;rain_fire;???????? ??????;Rain of Fire;???;aoe;???? ?? ??????? (??? ?????);0.8;12;0;0;0;;0;0;5740;AoE.;???: ???? ?? ??????? (??? ?????) | ???? ?? ??????? ????? ? ATK × 0.8 | ??????: ?12 ???? | ???????????: ??? (0);;;;;;;;;;???? ??? ???
242;warlock;????????????;destruction;??????????;???? (DPS);????;??????? ????;90;18;2;11;7;havoc;????;Havoc;??;debuff;??????;0.2;5;0;0;0;;0;3;80240;?????? ????.;???: ?????? | ???? (power)=0.2 — ????????????? ?? type ? ?????? ??? | ??????: ?5 ???? | ???????????: 3 ???(?/??);;;;;;;;;;???? ??? ???
243;warlock;????????????;destruction;??????????;???? (DPS);????;??????? ????;90;18;2;11;8;dark_soul;?????? ????: ??????????????;Dark Soul: Instability;??;buff;???? (????????);0.3;0;0;0;0;;0;5;113858;+30% ?????.;"???: ???? (????????) | ????: ???????? ??????? ????? = power (0.3) — ??. ????????; ???????????? ? ??? ?? ???????? type=buff | ???????????: 5 ???(?/??)";;;;;;;;;;???? ??? ???
244;warlock;????????????;destruction;??????????;???? (DPS);????;??????? ????;90;18;2;11;9;ember_tap;??????????? ????;Ember Tap;??;heal;????????? (????/???????);0.25;0;0;1;0;;0;2;114635;?????? 1 ??????? — ???????????.;???: ????????? (????/???????) | ????????? ???????? ?? power=0.25 (?? ATK/???-????????????????) | ??????: ?1 ??????? ???? | ???????????: 2 ???(?/??);;;;;;;;;;???? ??? ???
245;monk;?????;brewmaster;????????;????;???????;??;168;12;11;10;1;jab;????;Jab;??;damage;???? (???? ????);0.9;40;0;0;1;;0;0;100780;?????????: +1 ??.;???: ???? (???? ????) | ???? ? ATK × 0.9 (???????????? ?????/??????????/vers/?????) | ??????: ?40 ???????, +1 ?? | ???????????: ??? (0);;;;;;;;;;??????? ????????, ?????? ???????  20, ????????? ???? ?? 20?
246;monk;?????;brewmaster;????????;????;???????;??;168;12;11;10;2;keg_smash;???? ????????;Keg Smash;??;aoe;???? ?? ??????? (??? ?????);0.9;40;0;0;2;;0;1;121253;?????????: +2 ??, AoE.;???: ???? ?? ??????? (??? ?????) | ???? ?? ??????? ????? ? ATK × 0.9 | ??????: ?40 ???????, +2 ?? | ???????????: 1 ???(?/??);;;;;;;;;;??????? ????????, ?????? ??????? 40. ???????? ???? ?? 40?
247;monk;?????;brewmaster;????????;????;???????;??;168;12;11;10;3;blackout;???? ??????? ??????;Blackout Kick;??;damage;???? (???? ????);49310;0;0;2;0;;0;0;100784;?????? 2 ?? — ????.;???: ???? (???? ????) | ???? ? ATK × 1.35 (???????????? ?????/??????????/vers/?????) | ??????: ?2 ?? | ???????????: ??? (0);;;;;;;;;;??????? ????????,??? ??????, 45? ?????, ?? 1
248;monk;?????;brewmaster;????????;????;???????;??;168;12;11;10;4;breath;??????? ????;Breath of Fire;??;aoe;???? ?? ??????? (??? ?????);0.85;0;0;2;0;;0;0;115181;?????? 2 ?? — AoE.;???: ???? ?? ??????? (??? ?????) | ???? ?? ??????? ????? ? ATK × 0.85 | ??????: ?2 ?? | ???????????: ??? (0);;;;;;;;;;??????? ????????,  ??????? ?? ?? 1, ???????? ???? ?? 17?, ?? ?????????? ???? ?????? ????? ??????? ????????? ????????? ??? ???? ?? 10% ?? ????? ? ???????? 3? ????? ?????? ???, ????????? 5 ?????
249;monk;?????;brewmaster;????????;????;???????;??;168;12;11;10;5;guard;??????;Guard;???;shield;??? / ??????????;0.45;0;0;2;0;;0;2;115295;?????? 2 ?? — ???.;???: ??? / ?????????? | ???: ???? ?????????? ??????? ? power=0.45 ? HP/ATK ????? | ??????: ?2 ?? | ???????????: 2 ???(?/??);;;;;;;;;;??????? ????????, ??? ??
250;monk;?????;brewmaster;????????;????;???????;??;168;12;11;10;6;purifying;????????? ?????;Purifying Brew;??;heal;????????? (????/???????);0.28;0;0;1;0;;0;0;119582;?????? 1 ?? — ??????????? (???? ??? ???????????).;???: ????????? (????/???????) | ????????? ???????? ?? power=0.28 (?? ATK/???-????????????????) | ??????: ?1 ?? | ???????????: ??? (0);;;;;;;;;;??????? ????????, ?????? ?? ?????? 20 ???????, ?? ?????? ???, ??????? ?? ??? ??????????? ? 50% ?? ????????
251;monk;?????;brewmaster;????????;????;???????;??;168;12;11;10;7;elusive;????? ????????????;Elusive Brew;??;shield;??? / ??????????;0.25;0;0;0;0;;0;2;115308;???/???????????? (?????.).;???: ??? / ?????????? | ???: ???? ?????????? ??????? ? power=0.25 ? HP/ATK ????? | ???????????: 2 ???(?/??);;;;;;;;;;"?????? ????????, ?????? ??, ??????? ??? 30?. ?? ?????? ??????? ""????????? ?????"" ???????????? 70? ???? ? ????????? ???? ????? ??????(??????? ?? ????????, ?? ?????????? ??? ???????? ?? ????), ????? ????????? ?????? ?????????? ?????? ?? ""??????????? ??????"" ?????????? ? ?? ????? ????????? 2 ?????"
252;monk;?????;brewmaster;????????;????;???????;??;168;12;11;10;8;provoke;?????;Provoke;??;taunt;??????????;0;0;0;0;0;;0;2;115546;??????????.;???: ?????????? | ???? (power)=0 — ????????????? ?? type ? ?????? ??? | ???????????: 2 ???(?/??);;;;;;;;;;?????? ????????, ?? ?????? ???
253;monk;?????;brewmaster;????????;????;???????;??;168;12;11;10;9;fort_brew;????? ???????? ?????;Fortifying Brew;???;shield;??? / ??????????;0.45;0;0;0;0;;0;5;115203;??????? ??? (??).;???: ??? / ?????????? | ???: ???? ?????????? ??????? ? power=0.45 ? HP/ATK ????? | ???????????: 5 ???(?/??);;;;;;;;;;?????? ????????, ?????? ???? ???????? ????????????? ??????????? ?? 50% ? ????????? ?????????? ???? ?? 30% ? ??????? 3 ?????, ?? 6
254;monk;?????;mistweaver;???? ???????;????????;????;??;95;8;4;11;1;renewing;??????????? ?????;Renewing Mist;?;heal;????????? (????/???????);0.32;10;0;0;1;;0;1;115151;HoT + 1 ??.;???: ????????? (????/???????) | ????????? ???????? ?? power=0.32 (?? ATK/???-????????????????) | ??????: ?10 ????, +1 ?? | ???????????: 1 ???(?/??);;;;;;;;;;???? ??? ???
255;monk;?????;mistweaver;???? ???????;????????;????;??;95;8;4;11;2;surging;???????? ?????;Surging Mist;??;heal;????????? (????/???????);0.42;12;0;0;1;;0;0;116694;??????? ??????? + 1 ??.;???: ????????? (????/???????) | ????????? ???????? ?? power=0.42 (?? ATK/???-????????????????) | ??????: ?12 ????, +1 ?? | ???????????: ??? (0);;;;;;;;;;???? ??? ???
256;monk;?????;mistweaver;???? ???????;????????;????;??;95;8;4;11;3;enveloping;??????????? ?????;Enveloping Mist;??;heal;????????? (????/???????);0.52;0;0;3;0;;0;0;124682;?????? 3 ?? — hit + ??????? HoT.;???: ????????? (????/???????) | ????????? ???????? ?? power=0.52 (?? ATK/???-????????????????) | ??????: ?3 ?? | ???????????: ??? (0);;;;;;;;;;???? ??? ???
257;monk;?????;mistweaver;???? ???????;????????;????;??;95;8;4;11;4;soothing;????????????? ?????;Soothing Mist;??;heal;????????? (????/???????);0.38;9;0;0;0;;0;0;115175;?????-??? (????).;???: ????????? (????/???????) | ????????? ???????? ?? power=0.38 (?? ATK/???-????????????????) | ??????: ?9 ???? | ???????????: ??? (0);;;;;;;;;;???? ??? ???
258;monk;?????;mistweaver;???? ???????;????????;????;??;95;8;4;11;5;uft;???????? ??????;Uplift;??;heal_aoe;heal_aoe;0.3;0;0;2;0;;0;0;116670;?????? 2 ?? — ??? ??????.;???: heal_aoe | ???? (power)=0.3 — ????????????? ?? type ? ?????? ??? | ??????: ?2 ?? | ???????????: ??? (0);;;;;;;;;;???? ??? ???
259;monk;?????;mistweaver;???? ???????;????????;????;??;95;8;4;11;6;spinning;????????? ???????;Spinning Crane Kick;???;aoe;???? ?? ??????? (??? ?????);0.65;12;0;0;0;;0;0;101546;AoE ????.;???: ???? ?? ??????? (??? ?????) | ???? ?? ??????? ????? ? ATK × 0.65 | ??????: ?12 ???? | ???????????: ??? (0);;;;;;;;;;???? ??? ???
260;monk;?????;mistweaver;???? ???????;????????;????;??;95;8;4;11;7;jab;????;Jab;??;damage;???? (???? ????);0.85;8;0;0;1;;0;0;100780;+1 ?? (????).;???: ???? (???? ????) | ???? ? ATK × 0.85 (???????????? ?????/??????????/vers/?????) | ??????: ?8 ????, +1 ?? | ???????????: ??? (0);;;;;;;;;;???? ??? ???
261;monk;?????;mistweaver;???? ???????;????????;????;??;95;8;4;11;8;thunder_focus;???????? ???;Thunder Focus Tea;?;buff;???? (????????);0.2;0;0;0;0;;0;3;116680;+????? (?????. ????????).;"???: ???? (????????) | ????: ???????? ??????? ????? = power (0.2) — ??. ????????; ???????????? ? ??? ?? ???????? type=buff | ???????????: 3 ???(?/??)";;;;;;;;;;???? ??? ???
262;monk;?????;mistweaver;???? ???????;????????;????;??;95;8;4;11;9;revival;?????????????? ???;Revival;??;heal_aoe;heal_aoe;0.36;18;0;0;0;;0;5;115310;??????? ??? ?? ??????.;???: heal_aoe | ???? (power)=0.36 — ????????????? ?? type ? ?????? ??? | ??????: ?18 ???? | ???????????: 5 ???(?/??);;;;;;;;;;???? ??? ???
263;monk;?????;windwalker;????????? ? ??????;???? (DPS);???????;??;100;17;3;14;1;jab;????;Jab;??;damage;???? (???? ????);0.95;40;0;0;1;;0;0;100780;?????????: +1 ??.;???: ???? (???? ????) | ???? ? ATK × 0.95 (???????????? ?????/??????????/vers/?????) | ??????: ?40 ???????, +1 ?? | ???????????: ??? (0);;;;;;;;;;???? ??? ???
264;monk;?????;windwalker;????????? ? ??????;???? (DPS);???????;??;100;17;3;14;2;tiger_palm;???? ?????;Tiger Palm;??;damage;???? (???? ????);46054;0;0;1;0;;0;0;100787;?????? 1 ??.;???: ???? (???? ????) | ???? ? ATK × 1.2 (???????????? ?????/??????????/vers/?????) | ??????: ?1 ?? | ???????????: ??? (0);;;;;;;;;;???? ??? ???
265;monk;?????;windwalker;????????? ? ??????;???? (DPS);???????;??;100;17;3;14;3;bok;???? ??????? ??????;Blackout Kick;??;damage;???? (???? ????);46113;0;0;2;0;;0;0;100784;?????? 2 ??.;???: ???? (???? ????) | ???? ? ATK × 1.4 (???????????? ?????/??????????/vers/?????) | ??????: ?2 ?? | ???????????: ??? (0);;;;;;;;;;???? ??? ???
266;monk;?????;windwalker;????????? ? ??????;???? (DPS);???????;??;100;17;3;14;4;rsk;???? ??????????? ??????;Rising Sun Kick;??;damage;???? (???? ????);46143;0;0;2;0;;0;1;107428;?????? 2 ?? — ??????? ????.;???: ???? (???? ????) | ???? ? ATK × 1.5 (???????????? ?????/??????????/vers/?????) | ??????: ?2 ?? | ???????????: 1 ???(?/??);;;;;;;;;;???? ??? ???
267;monk;?????;windwalker;????????? ? ??????;???? (DPS);???????;??;100;17;3;14;5;fists;?????? ?????;Fists of Fury;??;aoe;???? ?? ??????? (??? ?????);46023;0;0;3;0;;0;3;113656;?????? 3 ?? — AoE.;???: ???? ?? ??????? (??? ?????) | ???? ?? ??????? ????? ? ATK × 1.1 | ??????: ?3 ?? | ???????????: 3 ???(?/??);;;;;;;;;;???? ??? ???
268;monk;?????;windwalker;????????? ? ??????;???? (DPS);???????;??;100;17;3;14;6;sck;????????? ???????;Spinning Crane Kick;???;aoe;???? ?? ??????? (??? ?????);0.8;40;0;0;0;;0;0;101546;??????? — AoE.;???: ???? ?? ??????? (??? ?????) | ???? ?? ??????? ????? ? ATK × 0.8 | ??????: ?40 ??????? | ???????????: ??? (0);;;;;;;;;;???? ??? ???
269;monk;?????;windwalker;????????? ? ??????;???? (DPS);???????;??;100;17;3;14;7;energizing;????? ????????? ???????;Energizing Brew;?;buff;???? (????????);0.15;0;30;0;0;;0;4;115288;+30 ???????.;"???: ???? (????????) | ????: ???????? ??????? ????? = power (0.15) — ??. ????????; ???????????? ? ??? ?? ???????? type=buff | ??????: +30 ??????? | ???????????: 4 ???(?/??)";;;;;;;;;;???? ??? ???
270;monk;?????;windwalker;????????? ? ??????;???? (DPS);???????;??;100;17;3;14;8;tigereye;???? ????????? ?????;Tigereye Brew;??;buff;???? (????????);0.28;0;0;0;0;;0;2;116740;#????;"???: ???? (????????) | ????: ???????? ??????? ????? = power (0.28) — ??. ????????; ???????????? ? ??? ?? ???????? type=buff | ???????????: 2 ???(?/??)";;;;;;;;;;???? ??? ???
271;monk;?????;windwalker;????????? ? ??????;???? (DPS);???????;??;100;17;3;14;9;touch_death;??????? ??????;Touch of Death;??;damage;???? (???? ????);31048;0;0;3;0;;0;4;115080;?????? 3 ??. ????????? ?35%.;???: ???? (???? ????) | ???? ? ATK × 1.85 (???????????? ?????/??????????/vers/?????) | ??????: ?3 ?? | ???????????: 4 ???(?/??);;;;;;;;;;???? ??? ???
272;druid;?????;balance;??????;???? (DPS);????;????????;95;17;3;11;1;wrath;????;Wrath;??;damage;???? (???? ????);42005;5;0;0;12;;0;0;5176;??????????? +12 ? ????? ????????.;???: ???? (???? ????) | ???? ? ATK × 1.15 (???????????? ?????/??????????/vers/?????) | ??????: ?5 ????, +12 ???????? | ???????????: ??? (0);;;;;;;;;;???? ??? ???
273;druid;?????;balance;??????;???? (DPS);????;????????;95;17;3;11;2;starfire;???????? ?????;Starfire;?;damage;???? (???? ????);49310;7;0;0;15;;0;0;2912;??????? ???? +15 ? ????????.;???: ???? (???? ????) | ???? ? ATK × 1.35 (???????????? ?????/??????????/vers/?????) | ??????: ?7 ????, +15 ???????? | ???????????: ??? (0);;;;;;;;;;???? ??? ???
274;druid;?????;balance;??????;???? (DPS);????;????????;95;17;3;11;3;moonfire;?????? ?????;Moonfire;??;dot;???? ?? ???????? (DoT);0.6;5;0;0;0;;0;0;8921;DoT.;???: ???? ?? ???????? (DoT) | DoT: ?????????/??????? ???? ??????? ?? power=0.6 (??? ?? ATK) | ??????: ?5 ???? | ???????????: ??? (0);;;;;;;;;;???? ??? ???
275;druid;?????;balance;??????;???? (DPS);????;????????;95;17;3;11;4;sunfire;????????? ?????;Sunfire;??;dot;???? ?? ???????? (DoT);0.6;5;0;0;0;;0;0;93402;DoT.;???: ???? ?? ???????? (DoT) | DoT: ?????????/??????? ???? ??????? ?? power=0.6 (??? ?? ATK) | ??????: ?5 ???? | ???????????: ??? (0);;;;;;;;;;???? ??? ???
276;druid;?????;balance;??????;???? (DPS);????;????????;95;17;3;11;5;starsurge;???????? ?????;Starsurge;??;damage;???? (???? ????);20090;8;0;0;0;;0;1;78674;??????? ???? (??).;???: ???? (???? ????) | ???? ? ATK × 1.55 (???????????? ?????/??????????/vers/?????) | ??????: ?8 ???? | ???????????: 1 ???(?/??);;;;;;;;;;???? ??? ???
277;druid;?????;balance;??????;???? (DPS);????;????????;95;17;3;11;6;starfall;?????????;Starfall;??;aoe;???? ?? ??????? (??? ?????);0.95;12;0;0;0;;0;3;48505;AoE.;???: ???? ?? ??????? (??? ?????) | ???? ?? ??????? ????? ? ATK × 0.95 | ??????: ?12 ???? | ???????????: 3 ???(?/??);;;;;;;;;;???? ??? ???
278;druid;?????;balance;??????;???? (DPS);????;????????;95;17;3;11;7;hurricane;??????;Hurricane;???;aoe;???? ?? ??????? (??? ?????);0.8;12;0;0;0;;0;0;16914;AoE-?????.;???: ???? ?? ??????? (??? ?????) | ???? ?? ??????? ????? ? ATK × 0.8 | ??????: ?12 ???? | ???????????: ??? (0);;;;;;;;;;???? ??? ???
279;druid;?????;balance;??????;???? (DPS);????;????????;95;17;3;11;8;celestial;???????? ????????????;Celestial Alignment;??;buff;???? (????????);0.32;0;0;0;0;;0;5;112071;+????? (?????. ??? ????????).;"???: ???? (????????) | ????: ???????? ??????? ????? = power (0.32) — ??. ????????; ???????????? ? ??? ?? ???????? type=buff | ???????????: 5 ???(?/??)";;;;;;;;;;???? ??? ???
280;druid;?????;balance;??????;???? (DPS);????;????????;95;17;3;11;9;incarnation;??????????;Incarnation: Chosen of Elune;??;buff;???? (????????);0.28;0;0;0;0;;0;5;102560;#????;"???: ???? (????????) | ????: ???????? ??????? ????? = power (0.28) — ??. ????????; ???????????? ? ??? ?? ???????? type=buff | ???????????: 5 ???(?/??)";;;;;;;;;;???? ??? ???
281;druid;?????;feral;???? ?????;???? (DPS);???????;????? ???????;100;17;3;14;1;shred;?????????;Shred;??;damage;???? (???? ????);45658;40;0;0;1;;0;0;5221;????? ?????.;???: ???? (???? ????) | ???? ? ATK × 1.25 (???????????? ?????/??????????/vers/?????) | ??????: ?40 ???????, +1 ????? ??????? | ???????????: ??? (0);;;;;;;;;;???? ??? ???
282;druid;?????;feral;???? ?????;???? (DPS);???????;????? ???????;100;17;3;14;2;rake;???????? ????;Rake;??;dot;???? ?? ???????? (DoT);0.6;35;0;0;1;;0;0;1822;DoT + 1 ? ?????.;???: ???? ?? ???????? (DoT) | DoT: ?????????/??????? ???? ??????? ?? power=0.6 (??? ?? ATK) | ??????: ?35 ???????, +1 ????? ??????? | ???????????: ??? (0);;;;;;;;;;???? ??? ???
283;druid;?????;feral;???? ?????;???? (DPS);???????;????? ???????;100;17;3;14;3;rip;?????????;Rip;??;dot;???? ?? ???????? (DoT);0.8;30;0;1;0;;0;0;1079;??????????? DoT (??? ?????).;???: ???? ?? ???????? (DoT) | DoT: ?????????/??????? ???? ??????? ?? power=0.8 (??? ?? ATK) | ??????: ?30 ???????, ?1 ????? ??????? | ???????????: ??? (0);;;;;;;;;;???? ??? ???
284;druid;?????;feral;???? ?????;???? (DPS);???????;????? ???????;100;17;3;14;4;ferocious;???????? ????;Ferocious Bite;??;damage;???? (???? ????);20090;25;0;1;0;;0;0;22568;??????????? ????.;???: ???? (???? ????) | ???? ? ATK × 1.55 (???????????? ?????/??????????/vers/?????) | ??????: ?25 ???????, ?1 ????? ??????? | ???????????: ??? (0);;;;;;;;;;???? ??? ???
285;druid;?????;feral;???? ?????;???? (DPS);???????;????? ???????;100;17;3;14;5;thrash;???????;Thrash;??;aoe;???? ?? ??????? (??? ?????);0.75;45;0;0;1;;0;0;106830;AoE + 1 ? ?????.;???: ???? ?? ??????? (??? ?????) | ???? ?? ??????? ????? ? ATK × 0.75 | ??????: ?45 ???????, +1 ????? ??????? | ???????????: ??? (0);;;;;;;;;;???? ??? ???
286;druid;?????;feral;???? ?????;???? (DPS);???????;????? ???????;100;17;3;14;6;tigers_fury;???????? ???????????;Tiger's Fury;??;buff;???? (????????);0.18;0;50;0;0;;0;3;5217;+50 ??????? ? +?????.;"???: ???? (????????) | ????: ???????? ??????? ????? = power (0.18) — ??. ????????; ???????????? ? ??? ?? ???????? type=buff | ??????: +50 ??????? | ???????????: 3 ???(?/??)";;;;;;;;;;???? ??? ???
287;druid;?????;feral;???? ?????;???? (DPS);???????;????? ???????;100;17;3;14;7;berserk;???????;Berserk;??;buff;???? (????????);0.28;0;0;0;0;;0;5;106951;#????;"???: ???? (????????) | ????: ???????? ??????? ????? = power (0.28) — ??. ????????; ???????????? ? ??? ?? ???????? type=buff | ???????????: 5 ???(?/??)";;;;;;;;;;???? ??? ???
288;druid;?????;feral;???? ?????;???? (DPS);???????;????? ???????;100;17;3;14;8;savage_roar;????? ???;Savage Roar;??;buff;???? (????????);0.22;25;0;1;0;;0;0;52610;???????????: +?????.;"???: ???? (????????) | ????: ???????? ??????? ????? = power (0.22) — ??. ????????; ???????????? ? ??? ?? ???????? type=buff | ??????: ?25 ???????, ?1 ????? ??????? | ???????????: ??? (0)";;;;;;;;;;???? ??? ???
289;druid;?????;feral;???? ?????;???? (DPS);???????;????? ???????;100;17;3;14;9;swipe;??????;Swipe;??;aoe;???? ?? ??????? (??? ?????);0.75;40;0;0;1;;0;0;62078;AoE + 1 ? ?????.;???: ???? ?? ??????? (??? ?????) | ???? ?? ??????? ????? ? ATK × 0.75 | ??????: ?40 ???????, +1 ????? ??????? | ???????????: ??? (0);;;;;;;;;;???? ??? ???
290;druid;?????;guardian;?????;????;??????;;180;12;12;8;1;mangle;??????;Mangle;??;damage;???? (???? ????);46023;0;12;0;0;;0;1;33878;?????????: +12 ??????.;???: ???? (???? ????) | ???? ? ATK × 1.1 (???????????? ?????/??????????/vers/?????) | ??????: +12 ?????? | ???????????: 1 ???(?/??);;;;;;;;;;???? ??? ???
291;druid;?????;guardian;?????;????;??????;;180;12;12;8;2;thrash;???????;Thrash;??;aoe;???? ?? ??????? (??? ?????);0.85;20;0;0;0;;0;0;77758;?????? 20 — AoE.;???: ???? ?? ??????? (??? ?????) | ???? ?? ??????? ????? ? ATK × 0.85 | ??????: ?20 ?????? | ???????????: ??? (0);;;;;;;;;;???? ??? ???
292;druid;?????;guardian;?????;????;??????;;180;12;12;8;3;lacerate;??????????;Lacerate;??;dot;???? ?? ???????? (DoT);0.65;15;0;0;0;;0;0;33745;?????? 15 — DoT.;???: ???? ?? ???????? (DoT) | DoT: ?????????/??????? ???? ??????? ?? power=0.65 (??? ?? ATK) | ??????: ?15 ?????? | ???????????: ??? (0);;;;;;;;;;???? ??? ???
293;druid;?????;guardian;?????;????;??????;;180;12;12;8;4;maul;??????;Maul;??;damage;???? (???? ????);46113;30;0;0;0;;0;0;6807;??????? ?????? 30 ??????.;???: ???? (???? ????) | ???? ? ATK × 1.4 (???????????? ?????/??????????/vers/?????) | ??????: ?30 ?????? | ???????????: ??? (0);;;;;;;;;;???? ??? ???
294;druid;?????;guardian;?????;????;??????;;180;12;12;8;5;frenzied;????????? ??????????????;Frenzied Regeneration;??;heal;????????? (????/???????);0.38;50;0;0;0;;0;2;22842;?????? 50 — ???????????.;???: ????????? (????/???????) | ????????? ???????? ?? power=0.38 (?? ATK/???-????????????????) | ??????: ?50 ?????? | ???????????: 2 ???(?/??);;;;;;;;;;???? ??? ???
295;druid;?????;guardian;?????;????;??????;;180;12;12;8;6;savage_def;????? ??????;Savage Defense;???;shield;??? / ??????????;0.4;50;0;0;0;;0;0;62606;?????? 50 — ???.;???: ??? / ?????????? | ???: ???? ?????????? ??????? ? power=0.4 ? HP/ATK ????? | ??????: ?50 ?????? | ???????????: ??? (0);;;;;;;;;;???? ??? ???
296;druid;?????;guardian;?????;????;??????;;180;12;12;8;7;barkskin;??????? ????;Barkskin;??;shield;??? / ??????????;0.32;0;0;0;0;;0;4;22812;??? (??).;???: ??? / ?????????? | ???: ???? ?????????? ??????? ? power=0.32 ? HP/ATK ????? | ???????????: 4 ???(?/??);;;;;;;;;;???? ??? ???
297;druid;?????;guardian;?????;????;??????;;180;12;12;8;8;survival;????????? ?????????;Survival Instincts;??;shield;??? / ??????????;0.48;0;0;0;0;;0;5;61336;??????? ??? (??).;???: ??? / ?????????? | ???: ???? ?????????? ??????? ? power=0.48 ? HP/ATK ????? | ???????????: 5 ???(?/??);;;;;;;;;;???? ??? ???
298;druid;?????;guardian;?????;????;??????;;180;12;12;8;9;growl;???;Growl;??;taunt;??????????;0;0;0;0;0;;0;2;6795;??????????.;???: ?????????? | ???? (power)=0 — ????????????? ?? type ? ?????? ??? | ???????????: 2 ???(?/??);;;;;;;;;;???? ??? ???
299;druid;?????;restoration;?????????;????????;????;;95;8;4;10;1;reju;??????????;Rejuvenation;??;heal;????????? (????/???????);0.34;8;0;0;0;;0;0;774;HoT: hit + ????.;???: ????????? (????/???????) | ????????? ???????? ?? power=0.34 (?? ATK/???-????????????????) | ??????: ?8 ???? | ???????????: ??? (0);;;;;;;;;;???? ??? ???
300;druid;?????;restoration;?????????;????????;????;;95;8;4;10;2;regrowth;??????????????;Regrowth;??;heal;????????? (????/???????);0.42;13;0;0;0;;0;0;8936;Hit + HoT.;???: ????????? (????/???????) | ????????? ???????? ?? power=0.42 (?? ATK/???-????????????????) | ??????: ?13 ???? | ???????????: ??? (0);;;;;;;;;;???? ??? ???
301;druid;?????;restoration;?????????;????????;????;;95;8;4;10;3;ht;??????????? ?????????????;Healing Touch;??;heal;????????? (????/???????);0.52;14;0;0;0;;0;0;5185;??????? ???????.;???: ????????? (????/???????) | ????????? ???????? ?? power=0.52 (?? ATK/???-????????????????) | ??????: ?14 ???? | ???????????: ??? (0);;;;;;;;;;???? ??? ???
302;druid;?????;restoration;?????????;????????;????;;95;8;4;10;4;wg;?????? ????;Wild Growth;??;heal_aoe;heal_aoe;0.28;16;0;0;0;;0;2;48438;??? ?? ???????.;???: heal_aoe | ???? (power)=0.28 — ????????????? ?? type ? ?????? ??? | ??????: ?16 ???? | ???????????: 2 ???(?/??);;;;;;;;;;???? ??? ???
303;druid;?????;restoration;?????????;????????;????;;95;8;4;10;5;swiftmend;??????? ??????????????;Swiftmend;?;heal;????????? (????/???????);0.5;10;0;0;0;;0;2;18562;??????? ?????????? ???.;???: ????????? (????/???????) | ????????? ???????? ?? power=0.5 (?? ATK/???-????????????????) | ??????: ?10 ???? | ???????????: 2 ???(?/??);;;;;;;;;;???? ??? ???
304;druid;?????;restoration;?????????;????????;????;;95;8;4;10;6;lifebloom;?????????;Lifebloom;??;heal;????????? (????/???????);0.32;8;0;0;0;;0;0;33763;HoT ?? 3 ????.;???: ????????? (????/???????) | ????????? ???????? ?? power=0.32 (?? ATK/???-????????????????) | ??????: ?8 ???? | ???????????: ??? (0);;;;;;;;;;???? ??? ???
305;druid;?????;restoration;?????????;????????;????;;95;8;4;10;7;tranq;???????????;Tranquility;??;heal_aoe;heal_aoe;0.36;18;0;0;0;;0;5;740;??????? ??? ?? ??????.;???: heal_aoe | ???? (power)=0.36 — ????????????? ?? type ? ?????? ??? | ??????: ?18 ???? | ???????????: 5 ???(?/??);;;;;;;;;;???? ??? ???
306;druid;?????;restoration;?????????;????????;????;;95;8;4;10;8;nourish;??????????????? ???????;Nourish;??;heal;????????? (????/???????);0.4;9;0;0;0;;0;0;50464;??????????? ???????.;???: ????????? (????/???????) | ????????? ???????? ?? power=0.4 (?? ATK/???-????????????????) | ??????: ?9 ???? | ???????????: ??? (0);;;;;;;;;;???? ??? ???
307;druid;?????;restoration;?????????;????????;????;;95;8;4;10;9;moonfire;?????? ?????;Moonfire;??;dot;???? ?? ???????? (DoT);0.55;5;0;0;0;;0;0;8921;??????????? ?????.;???: ???? ?? ???????? (DoT) | DoT: ?????????/??????? ???? ??????? ?? power=0.55 (??? ?? ATK) | ??????: ?5 ???? | ???????????: ??? (0);;;;;;;;;;???? ??? ???
308;engineer;????-???????;mechanist;????????;???? (DPS);???;??????;100;16;5;11;1;wrench_bash;???? ??????? ??????;Wrench Bash;??;damage;???? (???? ????);46143;0;18;0;1;;0;0;90001;??????? ????. +???, +1 ??????.;???: ???? (???? ????) | ???? ? ATK × 1.05 (???????????? ?????/??????????/vers/?????) | ??????: +18 ???, +1 ?????? | ???????????: ??? (0);;;;;;;;;;???? ??? ???
309;engineer;????-???????;mechanist;????????;???? (DPS);???;??????;100;16;5;11;2;rivet_gun;??????????? ????????;Rivet Gun;??;damage;???? (???? ????);44562;25;0;0;1;;0;0;90002;??????? ????????. +1 ??????.;???: ???? (???? ????) | ???? ? ATK × 1.22 (???????????? ?????/??????????/vers/?????) | ??????: ?25 ???, +1 ?????? | ???????????: ??? (0);;;;;;;;;;???? ??? ???
310;engineer;????-???????;mechanist;????????;???? (DPS);???;??????;100;16;5;11;3;plasma_cutter;?????????? ?????;Plasma Cutter;??;damage;???? (???? ????);52963;35;0;0;0;;0;0;90003;?????? ??????? ???.;???: ???? (???? ????) | ???? ? ATK × 1.45 (???????????? ?????/??????????/vers/?????) | ??????: ?35 ??? | ???????????: ??? (0);;;;;;;;;;???? ??? ???
311;engineer;????-???????;mechanist;????????;???? (DPS);???;??????;100;16;5;11;4;deploy_turret;????????????? ??????;Deploy Turret;??;summon;?????? / ???;1;40;0;2;0;;0;3;90004;?????? ?? 4 ????. 2 ??????.;"???: ?????? / ??? | ?????? ????????/????; power=1 | ??????: ?40 ???, ?2 ?????? | ???????????: 3 ???(?/??)";;;;;;;;;;???? ??? ???
312;engineer;????-???????;mechanist;????????;???? (DPS);???;??????;100;16;5;11;5;overclock;??????;Overclock;?;buff;???? (????????);0.25;20;0;0;0;;0;3;90005;+ATK ???? (? ?????????? ????? ?? ????).;"???: ???? (????????) | ????: ???????? ??????? ????? = power (0.25) — ??. ????????; ???????????? ? ??? ?? ???????? type=buff | ??????: ?20 ??? | ???????????: 3 ???(?/??)";;;;;;;;;;???? ??? ???
313;engineer;????-???????;mechanist;????????;???? (DPS);???;??????;100;16;5;11;6;emergency_repair;????????? ??????;Emergency Repair;??;heal;????????? (????/???????);0.38;30;0;0;0;;0;3;90006;?????? ???????: ???????.;???: ????????? (????/???????) | ????????? ???????? ?? power=0.38 (?? ATK/???-????????????????) | ??????: ?30 ??? | ???????????: 3 ???(?/??);;;;;;;;;;???? ??? ???
314;engineer;????-???????;mechanist;????????;???? (DPS);???;??????;100;16;5;11;7;call_siege_walker;??????? ?????;Siege Walker;??;summon;?????? / ???;1;50;0;3;0;;0;5;90007;??????? ?????? ???????? ?? 4 ????. 3 ??????.;"???: ?????? / ??? | ?????? ????????/????; power=1 | ??????: ?50 ???, ?3 ?????? | ???????????: 5 ???(?/??)";;;;;;;;;;???? ??? ???
315;engineer;????-???????;mechanist;????????;???? (DPS);???;??????;100;16;5;11;8;scrap_shot;??????? ????????????;Scrap Shot;??;damage;???? (???? ????);46357;20;0;0;0;;0;0;90008;??????????? ?? ????????.;???: ???? (???? ????) | ???? ? ATK × 1.12 (???????????? ?????/??????????/vers/?????) | ??????: ?20 ??? | ???????????: ??? (0);;;;;;;;;;???? ??? ???
316;engineer;????-???????;mechanist;????????;???? (DPS);???;??????;100;16;5;11;9;shock_wrench;??????? ????;Shock Wrench;?;interrupt;??????????;0.4;15;0;0;0;;0;2;90009;??????? ???? ??????. ?????? 2 ????.;"???: ?????????? | ??????? ????; power=0.4 (???? ???? ???? — ?? ??????) | ??????: ?15 ??? | ???????????: 2 ???(?/??)";;;;;;;;;;???? ??? ???
317;engineer;????-???????;sapper;?????;???? (DPS);???;??????;92;17;3;12;1;sticky_bomb;?????? ?????;Sticky Bomb;??;dot;???? ?? ???????? (DoT);0.95;0;16;0;1;;0;0;90011;?????? ? ??????. +???, +1 ??????.;???: ???? ?? ???????? (DoT) | DoT: ?????????/??????? ???? ??????? ?? power=0.95 (??? ?? ATK) | ??????: +16 ???, +1 ?????? | ???????????: ??? (0);;;;;;;;;;???? ??? ???
318;engineer;????-???????;sapper;?????;???? (DPS);???;??????;92;17;3;12;2;shrapnel_blast;????????;Shrapnel Blast;??;aoe;???? ?? ??????? (??? ?????);0.85;30;0;0;1;;0;0;90012;??????? ?? ????. +1 ??????.;???: ???? ?? ??????? (??? ?????) | ???? ?? ??????? ????? ? ATK × 0.85 | ??????: ?30 ???, +1 ?????? | ???????????: ??? (0);;;;;;;;;;???? ??? ???
319;engineer;????-???????;sapper;?????;???? (DPS);???;??????;92;17;3;12;3;cluster_bomb;????????? ?????;Cluster Bomb;??;aoe;???? ?? ??????? (??? ?????);46143;40;0;0;0;;0;0;90013;????? ??????? ?? ???????.;???: ???? ?? ??????? (??? ?????) | ???? ?? ??????? ????? ? ATK × 1.05 | ??????: ?40 ??? | ???????????: ??? (0);;;;;;;;;;???? ??? ???
320;engineer;????-???????;sapper;?????;???? (DPS);???;??????;92;17;3;12;4;deploy_bomb_drone;?????-?????;Bomb Drones;??;summon;?????? / ???;1;35;0;2;0;;0;3;90014;2 ?????-????????? ?? 3 ????. 2 ??????.;"???: ?????? / ??? | ?????? ????????/????; power=1 | ??????: ?35 ???, ?2 ?????? | ???????????: 3 ???(?/??)";;;;;;;;;;???? ??? ???
321;engineer;????-???????;sapper;?????;???? (DPS);???;??????;92;17;3;12;5;rocket_barrage;???????? ????;Rocket Barrage;??;aoe;???? ?? ??????? (??? ?????);42005;45;0;0;0;;0;2;90015;???? ????-?????.;???: ???? ?? ??????? (??? ?????) | ???? ?? ??????? ????? ? ATK × 1.15 | ??????: ?45 ??? | ???????????: 2 ???(?/??);;;;;;;;;;???? ??? ???
322;engineer;????-???????;sapper;?????;???? (DPS);???;??????;92;17;3;12;6;remote_charge;????????????? ?????;Remote Charge;??;damage;???? (???? ????);49310;25;0;0;0;;0;0;90016;???????? ?????? ????.;???: ???? (???? ????) | ???? ? ATK × 1.35 (???????????? ?????/??????????/vers/?????) | ??????: ?25 ??? | ???????????: ??? (0);;;;;;;;;;???? ??? ???
323;engineer;????-???????;sapper;?????;???? (DPS);???;??????;92;17;3;12;7;demolish;??????;Demolish;??;aoe;???? ?? ??????? (??? ?????);46113;55;0;3;0;;0;4;90017;??????? ?????. 3 ??????.;???: ???? ?? ??????? (??? ?????) | ???? ?? ??????? ????? ? ATK × 1.4 | ??????: ?55 ???, ?3 ?????? | ???????????: 4 ???(?/??);;;;;;;;;;???? ??? ???
324;engineer;????-???????;sapper;?????;???? (DPS);???;??????;92;17;3;12;8;nitro_boosts;?????-??????????;Nitro Boosts;??;buff;???? (????????);0.2;15;0;0;0;;0;4;90018;??????? ??????: +ATK.;"???: ???? (????????) | ????: ???????? ??????? ????? = power (0.2) — ??. ????????; ???????????? ? ??? ?? ???????? type=buff | ??????: ?15 ??? | ???????????: 4 ???(?/??)";;;;;;;;;;???? ??? ???
325;engineer;????-???????;sapper;?????;???? (DPS);???;??????;92;17;3;12;9;shock_wrench;??????? ????;Shock Wrench;?;interrupt;??????????;0.4;15;0;0;0;;0;2;90009;??????? ????. ?????? 2 ????.;"???: ?????????? | ??????? ????; power=0.4 (???? ???? ???? — ?? ??????) | ??????: ?15 ??? | ???????????: 2 ???(?/??)";;;;;;;;;;???? ??? ???
326;engineer;????-???????;tinkerer;????????????;???? (DPS);???;??????;95;16;4;12;1;zap_gun;????????????;Zap Gun;?;damage;???? (???? ????);46235;0;18;0;1;;0;0;90021;??????. +???, +1 ??????.;???: ???? (???? ????) | ???? ? ATK × 1.08 (???????????? ?????/??????????/vers/?????) | ??????: +18 ???, +1 ?????? | ???????????: ??? (0);;;;;;;;;;??????? ????????,  ???????? ????????? ???? ?? 20, ??????? ???? ?? 13?
327;engineer;????-???????;tinkerer;????????????;???? (DPS);???;??????;95;16;4;12;2;flux_bolt;????? ??????;Flux Bolt;??;damage;???? (???? ????);46753;28;0;0;1;;0;0;90022;???????????? ?????. +1 ??????.;???: ???? (???? ????) | ???? ? ATK × 1.28 (???????????? ?????/??????????/vers/?????) | ??????: ?28 ???, +1 ?????? | ???????????: ??? (0);;;;;;;;;;??????? ????????, ?????????? 15 ???, ???? ???????? ?? 30? 
328;engineer;????-???????;tinkerer;????????????;???? (DPS);???;??????;95;16;4;12;3;death_ray;???????? ??? ??????;Gnomish Death Ray;??;damage;???? (???? ????);46204;45;0;0;0;;0;2;90023;??????????? ?????? ???.;???: ???? (???? ????) | ???? ? ATK × 1.7 (???????????? ?????/??????????/vers/?????) | ??????: ?45 ??? | ???????????: 2 ???(?/??);;;;;;;;;;"??????? ????????, ?????? 50 ???, ?? 3 , ?? ????? ?? 64? ? ???????????? ???? ""????????"" ?? ??? ????????? ???? ?? 2 ???? ??????? ???? ?? 5? ????? ?????? ??? ? ??????? ?? ???? ?? 5%  ??? ????? ???????? ?????"
329;engineer;????-???????;tinkerer;????????????;???? (DPS);???;??????;95;16;4;12;4;rocket_chicken;??????-??????;Rocket Chicken;??;summon;?????? / ???;1;30;0;1;0;;0;3;90024;?????? ??????-?????? ?? 3 ????. 1 ??????.;"???: ?????? / ??? | ?????? ????????/????; power=1 | ??????: ?30 ???, ?1 ?????? | ???????????: 3 ???(?/??)";;;;;;;;;;??????? ????????, ?? ?????? ??????? ???????? ???? ??? ? ??????? 10? ?  ????????? 2 ??????-?????? ?? 3 ????, ?? 4
330;engineer;????-???????;tinkerer;????????????;???? (DPS);???;??????;95;16;4;12;5;world_destroyer;?????? ??????????? ?????;World Destroyer;??;summon;?????? / ???;1;50;0;3;0;;0;5;90025;????-???? ?????? ?? 3 ????. 3 ??????.;"???: ?????? / ??? | ?????? ????????/????; power=1 | ??????: ?50 ???, ?3 ?????? | ???????????: 5 ???(?/??)";;;;;;;;;;??????? ????????,  ????? ?????????? ?? 2 ???? ? ??????? ???? ??? ???? ?????? ??? ? ??????? 2 ????? ? ????????, ?? 5
331;engineer;????-???????;tinkerer;????????????;???? (DPS);???;??????;95;16;4;12;6;shrink_ray;??????????? ???;Shrink Ray;??;debuff;??????;0.15;25;0;0;0;;0;3;90026;???? ?????? (?ATK) ?? ?????.;???: ?????? | ???? (power)=0.15 — ????????????? ?? type ? ?????? ??? | ??????: ?25 ??? | ???????????: 3 ???(?/??);;;;;;;;;; ??????? ????????
332;engineer;????-???????;tinkerer;????????????;???? (DPS);???;??????;95;16;4;12;7;magnetic_grip;????????? ??????;Magnetic Grip;??;cc;cc;1;20;0;0;0;;0;3;90027;???? 1 ??? + ???? ?????.;???: cc | ???? (power)=1 — ????????????? ?? type ? ?????? ??? | ??????: ?20 ??? | ???????????: 3 ???(?/??);;;;;;;;;;??????? ????????, ???????? ????????? 1 ??????
333;engineer;????-???????;tinkerer;????????????;???? (DPS);???;??????;95;16;4;12;8;scrap_swarm;??? ???????????;Scrap Swarm;??;summon;?????? / ???;1;40;0;2;0;;0;4;90028;3 ?????-???? ?? 2 ????. 2 ??????.;"???: ?????? / ??? | ?????? ????????/????; power=1 | ??????: ?40 ???, ?2 ?????? | ???????????: 4 ???(?/??)";;;;;;;;;;??????? ????????, ????????? 2 ????? ???? ?? 5 ?????, ?????? ??? ??????? ?? ???? ???? ??????? ????????? ???????? ????????. ?? 8
334;engineer;????-???????;tinkerer;????????????;???? (DPS);???;??????;95;16;4;12;9;shock_wrench;??????? ????;Shock Wrench;?;interrupt;??????????;0.4;15;0;0;0;;0;2;90009;??????? ????. ?????? 2 ????.;"???: ?????????? | ??????? ????; power=0.4 (???? ???? ???? — ?? ??????) | ??????: ?15 ??? | ???????????: 2 ???(?/??)";;;;;;;;;;??????? ????????,  ????????? 20 ???, ?? 5 , ???????? ???? ?? 2 ??????
